JPT_NAZWA_,JPT_KOD_JE,longitude,latitude,mean_longitude,mean_latitude
powiat iławski,2807,536184.4706439584,643441.297551948,532431.6016946726,645833.8302171142
powiat tarnogórski,2413,487525.4533715742,290831.7212882143,491447.40859057754,289559.05200951267
powiat Gorzów Wielkopolski,0861,244843.35490464242,547345.1453907732,244799.58576052988,547312.00568954
powiat białostocki,2002,783549.1621713117,589938.201226933,804596.426439682,591014.4419018631
powiat stargardzki,3214,248465.0291294131,616326.4629114992,246525.4605025914,611947.9844890242
powiat grójecki,1406,627621.3705771342,437398.50903320976,621727.324328513,433684.4197854637
powiat kolneński,2006,697532.5252247852,619140.613143539,695982.1755536246,618457.8280990426
powiat myśliborski,3210,222954.25432660469,564061.3475731628,215342.81141077104,562373.1713608378
powiat krotoszyński,3012,391679.3918841142,431959.800769409,392362.39273615566,431597.04267587466
powiat konecki,2605,593558.8253637886,364191.3569961945,594636.7040116773,365792.04615750443
powiat krośnieński,1807,699742.5954539105,193893.23476129133,699874.8719561375,195717.2443385087
powiat Sosnowiec,2475,513737.4620299764,267684.2146781813,515299.3101978254,267135.2071184879
powiat łukowski,0611,722532.5041207026,450272.93697810033,715442.1669287423,448485.06247776
powiat poddębicki,1011,493385.64633536217,447209.0068290658,497519.2641085187,448010.14030357264
powiat braniewski,2802,563313.3722266762,715499.4756343074,562994.7860862755,712872.2718063323
powiat garwoliński,1403,682419.714228308,443237.86006397114,682083.7676514918,443382.6556581515
powiat nidzicki,2811,598043.6597217559,612053.4169925979,599295.8836430915,612903.6987455082
powiat Kielce,2661,613198.9279487683,333906.49419273535,613621.5713840416,333206.64638839243
powiat siedlecki,1426,726754.3497239578,483845.1693179314,736284.309601977,485596.9468781678
powiat lubartowski,0608,746945.9616670047,411340.23283077107,743821.797772299,413514.4067150606
powiat ÅŁomża,2062,704337.3860021756,594264.1006507828,703991.777436509,595140.9713546168
powiat włoszczowski,2613,567868.2217295849,329455.41162820155,568514.7560904869,329857.4582194765
powiat wieluński,1017,473709.6167612417,374007.74108603015,470791.80146737304,374029.3744062977
powiat Ostrołęka,1461,673741.5124648815,582782.9285734142,672421.8296812952,582342.8212156836
powiat strzyżowski,1819,697983.588249681,226198.42700707706,696027.9346254736,226976.84937252337
powiat czarnkowsko-trzcianecki,3002,323039.7007309411,563992.0443754368,323702.38964856183,565405.8563807351
powiat tatrzański,1217,571455.4826488078,159415.01600449867,570123.2679316623,160114.99994792882
powiat wielicki,1219,585576.0198337655,235304.30491620954,584171.8879915199,235751.04670080915
powiat sokołowski,1429,722855.6628453366,518992.54672763863,725343.3436373745,519161.13574536936
powiat hajnowski,2005,809164.8036908873,552314.58938349,813709.6877740866,547171.4410399878
powiat węgrowski,1433,696253.0328197913,514323.1389336558,700202.1017364154,514033.1748118149
powiat prudnicki,1610,407846.30052977096,278677.22864798683,404926.8582439547,283169.11787527427
powiat ostrowski,1416,702934.0876996275,550545.5914941703,700506.1551089738,552484.7652270044
powiat strzelecko-drezdenecki,0806,278685.6634926386,563140.4641048935,276334.98139448615,565403.6069721472
powiat mrągowski,2810,655685.3375080988,663557.0727850505,658081.3430494061,663272.9480988388
powiat bieszczadzki,1801,763279.4045553533,167470.81613489156,763632.3681020916,169938.8927427847
powiat Rzeszów,1863,714406.3255828607,243849.70585377255,715971.6909656693,242704.2002821057
powiat augustowski,2001,770376.8410125975,668884.402679283,772390.0103226558,666660.6303759133
powiat starachowicki,2611,647792.1388609476,354512.28615671326,650351.4071504549,356120.3579448336
powiat miński,1412,681835.8143472299,482914.58939031576,680401.9456638538,483422.18086074153
powiat jarosławski,1804,769548.9175751482,244432.10984242248,771847.8925763485,246274.47880213754
powiat Zabrze,2478,484828.04078484327,272074.160951402,484452.40112128877,271917.443832417
powiat mikołowski,2408,487961.9807049889,252943.84846421322,487909.53141776443,253786.60564273503
powiat Świętochłowice,2476,493651.0281806609,270154.6945789413,493319.68738230935,270083.93182425573
powiat strzeliński,0217,365538.9490619954,324684.0371075636,364335.1749482993,323899.5392789026
powiat strzelecki,1611,451790.7770360368,297038.47891701484,448096.9947556148,296126.0925561539
powiat legnicki,0209,300613.6055953175,378118.1593734047,314529.85997490154,379139.86025216104
powiat żagański,0810,252101.3964423016,419420.415891337,259604.23232891748,420430.06335792644
powiat warszawski zachodni,1432,613090.3328203283,489996.59116628196,609732.2078437412,490575.1392299505
powiat olkuski,1212,545128.6761651221,272938.42669993726,546290.4726165723,272670.8095610053
powiat radomski,1425,652597.1672577524,391905.8970400242,652307.7452009269,387678.3501766827
powiat gdański,2204,473892.71869367495,706570.2091035359,473262.6528528156,706768.4515109644
powiat niżański,1812,732777.2958642357,294403.19377349113,731728.2894945716,293199.511442652
powiat Gdynia,2262,475236.8591893588,740602.5934921738,474375.85033512115,740059.2438695952
powiat bytowski,2201,390443.1587570208,698721.5699906116,392421.29841543396,700351.2735204375
powiat będziński,2401,511157.6945997738,282234.6346372034,508055.45388838125,283150.416499916
powiat pabianicki,1008,519355.3945267349,422822.93121969467,522187.6352183868,423482.8025184786
powiat gorlicki,1205,657101.5274708796,194693.02320848202,656506.4034046174,193825.44652699726
powiat Chełm,0662,813555.0649050336,372408.2217973776,814225.3522585144,372731.08690798143
powiat Skierniewice,1063,579398.518370205,455441.2303664812,578776.0379113326,455283.55358984414
powiat mławski,1413,591337.5240014727,577088.7224807428,588588.4348149982,577682.4836259224
powiat kolski,3009,484054.49544374715,485762.4196567149,487569.3904277591,486525.5255303751
powiat świdnicki,0617,768508.0790444568,370176.01418612775,766554.7267774338,369016.70571417455
powiat Przemyśl,1862,771812.4560190724,219425.50846723345,772693.8915940267,219657.5184526611
powiat włocławski,0418,502053.6111810987,517797.29782589327,502849.8489975465,521172.76260373555
powiat ostrowiecki,2607,668754.257052521,344416.34143205493,668860.7755436812,344471.32581684133
powiat wieruszowski,1018,450477.34297069075,382096.15067895147,448179.6968191616,381088.153010746
powiat bocheński,1201,602897.7560348455,232198.14946975673,602615.1244783372,233522.4229785218
powiat nowosądecki,1210,627892.6291121416,188861.48199818953,622736.5692560129,188691.1441585184
powiat Włocławek,0464,503870.9265078157,532804.6736858754,506493.2105220579,533331.2959675249
powiat chełmski,0603,814985.2182375488,372067.8930715876,796745.9941134828,371426.90674117627
powiat lubański,0210,239479.27387333795,363197.4550878136,239060.5053937985,359465.0592015851
powiat limanowski,1207,592705.821331768,202050.79697301672,593407.8510618997,202519.7404116178
powiat przemyski,1813,761240.193869638,217488.72561413926,753415.6496452669,217493.3001403818
powiat tomaszowski,0618,822973.1112837659,299536.3987314908,825299.9844227892,300397.38989235973
powiat karkonoski,0206,267389.1503878557,337558.29858283733,257510.37200205604,339253.713338397
powiat Gliwice,2466,475336.9579997124,270284.84513628547,475960.5729529647,270496.50054977555
powiat myszkowski,2409,521774.411780369,304817.7386027652,520771.4551807352,304315.87122312933
powiat Ruda Śląska,2472,490673.7376950763,266575.25946726167,490335.63359907665,267002.612201964
powiat Rybnik,2473,467418.26898216334,248801.84660442846,468048.2156296601,249351.82964771008
powiat wodzisławski,2415,458996.85256674554,236792.44338592121,460160.64320537343,236357.74627501983
powiat Katowice,2469,501650.3507337411,261200.64451813532,500419.6324140527,260728.5614191615
powiat namysłowski,1606,413007.21421887865,352523.90716695314,410334.75314723037,350558.36996540846
powiat kędzierzyńsko-kozielski,1603,440070.60953998467,269152.46000814316,440440.44289436494,270018.4020319814
powiat Bielsko-Biała,2461,502795.96979965543,216180.20734990007,502100.2031316281,216083.95064319577
powiat bieruńsko-lędziński,2414,510119.7488724139,247834.17714266558,510085.5143216293,247343.09901112923
powiat Tychy,2477,500188.4133854797,250649.6129724396,500484.31848732836,251032.13032000046
powiat wolsztyński,3029,303087.9671378306,471160.8887842975,302082.09956489794,472870.7233753181
powiat grajewski,2004,730448.8971091978,638154.5119384055,727225.8442737313,638282.2998302514
powiat świdwiński,3216,294579.3161510751,663758.7759670715,293342.72749654995,664925.4600375812
powiat Legnica,0262,302183.2282769852,374365.79694220907,302677.5010259275,374714.7085938109
powiat kołobrzeski,3208,277732.46680135553,694893.9503966534,277188.0118704919,692521.8788093412
powiat lubiński,0211,311035.0876790634,398426.006040336,309508.9341014609,400768.26431832975
powiat dzierżoniowski,0202,337856.93374122976,321409.5644839053,337952.22011143505,321289.6806909372
powiat wrocławski,0223,357922.6524104999,352364.62826521863,350870.51296564133,354753.0809381744
powiat głogowski,0203,297981.2978798848,427314.1608990072,298817.1360094186,427029.7828424042
powiat piotrkowski,1010,550988.4220967594,387872.3932461402,539971.7861362256,390492.2309824978
powiat śremski,3026,367148.8067306281,468692.9348511781,369816.4253278868,467993.64763674
powiat myślenicki,1209,570071.9084132811,215853.80203111866,570034.7944600065,212418.30524848495
powiat Warszawa,1465,639815.1890009266,486779.19237697514,641373.9717297143,487228.7110311296
powiat kielecki,2604,620211.6876742474,330824.82539339917,632517.9405848153,327361.4399665436
powiat jarociński,3006,398122.12527906004,459363.8486303722,397931.9541759577,461430.1227062326
powiat wrzesiński,3030,403897.7587824631,488297.03499905224,405547.7422875922,487115.7775271004
powiat kwidzyński,2207,501225.1869897114,651584.670075137,505060.37074498576,653572.1709374697
powiat Gdańsk,2261,485348.0512644066,728108.148984488,486920.7192976284,729468.8674465539
powiat wejherowski,2215,439309.1485453231,748200.2347384767,441972.48658361146,750882.9448797451
powiat lubliniecki,2407,483909.0757634204,312488.45356682676,482018.2689829136,311887.9269461348
powiat łaski,1003,504227.5724520546,407628.3954069104,509489.22509968805,410268.15288460674
powiat Żory,2479,477976.4955683866,241138.84304396596,477130.3480009228,241341.00558878202
powiat brodnicki,0402,528580.6221100916,599693.7150244282,527557.5344770902,600610.4638647437
powiat Piotrków Trybunalski,1062,549060.6997907124,394489.23437295377,548118.7758424894,394296.5160791329
powiat Piekary Śląskie,2471,497631.5334403989,278495.3403905093,495580.09977177327,278744.9182711388
powiat Olsztyn,2862,597103.3515155718,658455.8111067833,597329.6382814343,657869.5009117001
powiat bielski,2003,773676.6772386564,550207.2268179551,771709.1037573307,549696.107005951
powiat Leszno,3063,333182.56562712893,444617.4966510164,333350.19715290575,444745.0416316525
powiat olecki,2813,723426.3454336682,693030.4039576886,723643.6856651353,693056.600306496
powiat koniński,3010,449786.5686254601,490671.0634800331,459501.3707540097,488451.7388345534
powiat wadowicki,1218,537905.2472388272,224036.8342574572,538871.4266240264,225329.60791819636
powiat Krosno,1861,698689.0344075402,206294.53452739154,698484.3449721658,206057.64000944793
powiat ZamośÄ,0664,800470.7618606606,325743.0120552569,800454.7359308907,325775.6247215504
powiat łęczycki,1004,512343.7175291285,469787.7556959493,516139.9534918444,471141.41313834814
powiat Siemianowice Śląskie,2474,501898.40598593076,271800.0812126618,501267.9945721261,271685.2997519481
powiat zgierski,1020,529293.6614217864,451059.88951664435,530168.9319832749,448749.4708181778
powiat krapkowicki,1605,426596.6618413618,288354.88343101245,425837.9448633947,287751.53422010597
powiat ropczycko-sędziszowski,1815,689225.6459728146,245704.318332267,689527.8967321822,245490.74775825208
powiat szczycieński,2817,633641.8177608926,632775.0252851011,633861.7406276586,632498.3748048991
powiat krasnostawski,0606,787745.6303759508,351756.57128319296,791570.2175574789,351422.1264984594
powiat lipnowski,0408,516060.24775435345,549907.9067189489,511929.936871891,549930.8508492801
powiat toruński,0415,476917.74635026295,575301.9834561142,486221.98419969785,575703.3448765245
powiat Tarnobrzeg,1864,691571.3155874712,305446.71513315587,691857.382854396,305294.8931958028
powiat zamojski,0620,798845.8667607327,324691.4367033334,785538.2970063773,322609.40743916994
powiat kaliski,3007,446068.17939094047,436904.2941428453,448599.5903376278,436159.8628122271
powiat cieszyński,2403,485795.28087891306,207994.56052030576,486317.52332821535,206566.43073204905
powiat świecki,0414,460315.37301595946,627555.3763792479,462027.5834236515,624296.7541149217
powiat sokólski,2011,793843.6878372346,631024.3500708744,791261.7915287132,628525.5782308513
powiat lipski,1409,680490.4984342098,368652.82421322755,679029.9011144827,368914.97318936
powiat makowski,1411,648082.0227681332,564374.2521445721,650807.1170289444,566868.0599320023
powiat zwoleński,1436,681026.9620223902,389936.1980007818,684045.8671787183,391425.218739599
powiat golubsko-dobrzyński,0405,502044.19843618287,581944.1974332515,501644.5911700815,581550.1447203648
powiat bolesławiecki,0201,258867.19435657948,391276.9018968536,259025.8966924808,389983.00731704896
powiat leżajski,1808,743557.6507852135,272441.2426182234,742771.3638914682,271681.477026497
powiat gorzowski,0801,237951.5819518899,547859.3106101057,227683.184178704,548647.1611822383
powiat międzyrzecki,0803,269821.9408711259,521357.46591526724,267162.7984136598,519825.82574880216
powiat łobeski,3218,267723.0548819306,648640.2325574937,268978.53356924275,651075.0504552484
powiat oławski,0215,381143.4743223237,344943.13021620736,379619.50809794146,345069.313944167
powiat ostrowski,3017,417128.1015211865,417191.69059081434,419615.58280766977,416505.3803190612
powiat wołowski,0222,334204.14790113934,392133.5705362629,335225.7212202302,392318.2705387403
powiat ostrołęcki,1415,667166.7864617753,591374.4210144952,663592.3841474648,589116.5691801007
powiat pułtuski,1424,638021.1186397225,536515.2988925537,635038.7622039849,535893.6712231776
powiat oświęcimski,1213,519926.46026850503,234931.27577877213,521203.64911305695,236156.35911387345
powiat płocki,1419,556926.2940997503,520799.4978573099,565504.2872916155,521405.421071087
powiat nowodworski,2210,511292.7953802829,716148.4549922207,509339.0523230473,716238.5425154516
powiat starogardzki,2213,461359.538107958,668286.1555773951,458800.75118496176,670651.2413237481
powiat dąbrowski,1204,643117.5538970651,264676.3388411534,638459.5701798601,264786.0657100454
powiat przysuski,1423,613550.5128338516,395646.1321057565,613193.0958689796,396298.33297920926
powiat słupski,2212,381190.39657682274,735335.6258376034,380973.9694217242,730376.7404594491
powiat częstochowski,2404,525212.8317503532,326790.22763301036,535790.8026760553,330503.38633619295
powiat pruszkowski,1421,623603.0488496256,474665.40527314006,625986.936429335,472002.5799123547
powiat grodziski,1405,609235.4678799211,469698.5830738437,609622.155589743,467598.11714515835
powiat bydgoski,0403,434206.8352134761,592269.2697320133,421743.72607566166,592330.2602584786
powiat leski,1821,745189.0840883183,166326.6255794093,743930.1897029914,167148.9298996618
powiat skierniewicki,1015,578933.713551509,451245.2965691699,569376.8843662617,453789.41049334826
powiat szamotulski,3024,325004.7076725996,529234.5343294103,329208.1972080304,527583.9917069641
powiat elbląski,2804,537755.176854517,695959.2475911108,541523.4498846869,699585.7277261098
powiat moniecki,2008,751906.6464363108,622827.2913553945,753323.5329594999,626571.1149285007
powiat brzeziński,1021,556076.3051945418,441356.3858018714,556501.935031371,441981.99400413595
powiat nowosolski,0804,275748.2357848803,442203.628502508,271135.68568652886,446542.17010595324
powiat Świnoujście,3263,192698.01484194136,675214.685167549,192555.07159077586,675768.5993065573
powiat węgorzewski,2819,680573.6589954001,709039.5199916642,682168.3830031757,708287.1452678419
powiat kutnowski,1002,526678.7371673014,486333.6988047143,529208.4723542717,487304.37903007446
powiat Suwałki,2063,756963.9264264635,699986.9216126744,756649.8113261575,700337.3601824837
powiat nakielski,0410,404882.7668323362,581080.8816960573,404424.6181379887,582037.5519425846
powiat gołdapski,2818,716421.5967821609,717505.5432561735,713170.0979887717,716480.7220539674
powiat słupecki,3023,426229.9272797494,494109.63380772405,423893.7323116481,494786.1528235506
powiat żywiecki,2417,513964.62446430663,193418.06004539842,516422.6091298695,193788.0984923304
powiat tucholski,0416,430739.0941437952,636007.9994555055,428792.57565736736,635619.879186904
powiat wąbrzeski,0417,495632.3741215111,601544.0708781508,495887.692690053,601912.5549875088
powiat Poznań,3064,358768.05640535644,506530.12905433425,358566.56130554876,505776.43051842134
powiat Nowy Sącz,1262,623122.9039363749,194730.6232067153,624021.2167597064,195036.8109098021
powiat wysokomazowiecki,2013,739833.6207112272,562669.9940827794,737628.811088172,561386.405310032
powiat Radom,1463,649946.5163398327,395495.2564517402,650729.809998118,396735.1105330768
powiat giżycki,2806,686343.4774102034,685339.6319359107,686670.6042701763,687520.9686043435
powiat lubaczowski,1809,797077.2594259436,268330.4776575401,793641.966402566,267266.5209011771
powiat polkowicki,0216,291475.57293642627,408795.04919568374,291592.7371480259,408150.5040708049
powiat Jelenia Góra,0261,268458.7738138783,338942.38491384994,264430.7657278143,336700.46064053755
powiat łomżyński,2007,705241.4895139688,597065.2982880323,717423.9845838151,598231.0697312136
powiat Szczecin,3262,208782.04675318298,627484.503854797,207026.16671023256,627196.1800216543
powiat białogardzki,3201,307261.7010905749,683050.2928700434,305081.12932253524,683253.3481160644
powiat lwówecki,0212,256696.39189025157,356686.7144932729,259401.70310252445,355735.4869085974
powiat wałbrzyski,0221,306671.8468494402,323318.0201958623,300263.90092745505,324868.7284741802
powiat piaseczyński,1418,638540.3022430089,462487.5988119876,638433.1638922998,463369.4505207059
powiat sandomierski,2609,685598.8467246577,316339.42204246117,689271.6399533359,317635.1498625069
powiat ciechanowski,1402,608134.3882321814,555918.1013385665,609340.1296482729,560833.9281057464
powiat Płock,1462,547571.1645780645,519311.3229495729,548398.752615682,519058.93475643825
powiat krakowski,1206,561571.7943951299,251545.49480701896,550503.1275773409,248533.78561588423
powiat gostyniński,1404,538888.6474403283,501514.6357872358,532822.1230364151,502820.82821846893
powiat nowodworski,1414,613894.11847477,511600.52192634833,613258.4826083744,512407.0253243842
powiat kościański,3011,342649.692957594,467381.53502986464,340480.06799863063,468900.0926760514
powiat sztumski,2216,515116.74192666315,672121.1917366317,517154.9314604101,670812.6594421994
powiat kartuski,2205,439952.5133151852,716885.3533067504,441455.06766124396,718358.0278509669
powiat oleski,1608,462186.5679769667,338201.03244926257,463643.74035947444,334772.0783370123
powiat międzychodzki,3014,298759.20880250225,530570.0459493541,299273.58050320944,530604.2317041722
powiat obornicki,3016,354281.4309937479,540430.6686723307,354644.2275427814,541306.1636354453
powiat ełcki,2805,723736.8958686173,667295.1437963329,725442.5273714964,666232.9617982898
powiat rycki,0616,704158.5352928714,424195.9651978669,708065.868996287,425764.5610000789
powiat szczecinecki,3215,340497.4364092195,654954.3376768858,339218.2967874706,655129.6256748862
powiat kozienicki,1407,670470.5005793353,420190.2196620313,665796.4992912086,422354.68477825774
powiat słubicki,0805,211938.64125124313,507250.2650306827,209602.2382419437,503896.0737209618
powiat suski,1215,546720.5912625897,202848.28460679494,546742.4168204907,204048.6684327596
powiat turecki,3027,466306.1376247381,459617.50367457914,465421.5791456235,458923.30392469745
powiat wałecki,3217,318023.83580876235,600253.0699512387,321899.3059283949,600244.1485753562
powiat chełmiński,0404,467817.7266855513,604101.5559246191,468920.2374553246,604032.641560846
powiat kluczborski,1604,441760.01455516997,348268.429998028,441999.11329093046,346854.5865092268
powiat sępoleński,0413,402193.2847390228,618524.203623651,402473.9815124612,620816.7577907564
powiat złotowski,3031,361970.75880236976,618120.9236356484,359393.29714342934,618500.5962116108
powiat sulęciński,0807,233253.55875323297,516048.7908398264,240283.9377157715,514337.4221682637
powiat bialski,0601,789053.8719405873,464808.01603362657,784198.8929483606,464637.00847079
powiat chodzieski,3001,365156.32049581193,568496.7647345186,363784.09027014486,567010.9621879072
powiat kłodzki,0208,330391.9470549078,281115.91145200224,329563.7314736552,282953.1849364005
powiat olsztyński,2814,602299.3539924882,661420.7731365856,613746.4305780085,657941.7379766996
powiat zgorzelecki,0225,226890.1231185246,376874.8732692398,226151.9148793512,373587.85656017484
powiat sieradzki,1014,472321.9284002568,413270.16062892176,473168.4959764059,415261.4089798671
powiat skarżyski,2610,626174.4279822576,358443.31405224977,623245.5156354944,357029.26960735815
powiat żyrardowski,1438,598181.2186760827,460549.42250746343,598430.8853784481,460393.6685694293
powiat dębicki,1803,668501.7074295136,240907.47633538736,665603.3055975176,239654.1761151529
powiat przasnyski,1422,627965.0540537507,587629.9137762474,627860.5083261998,584898.2837946191
powiat siemiatycki,2010,764617.4670649278,520187.5963671053,764293.8925881886,520997.14843498217
powiat gnieÅºnieński,3003,404928.3792134083,520088.83235146606,406811.6979632849,521771.2281335639
powiat człuchowski,2203,379250.3976809416,653094.0025750415,378859.02463637054,655480.4308896335
powiat radziejowski,0411,473535.76071362686,524401.366281002,472622.48261702404,523144.4307863009
powiat Jaworzno,2468,520771.67332270066,259720.12521981198,519434.52859188616,258048.4551276872
powiat brzozowski,1802,721428.9218332878,210202.91047824803,722486.1623217548,211013.09981274558
powiat ostródzki,2815,563285.9118325448,653996.748150465,561575.3025031579,652149.5964843831
powiat ÅódÅº,1061,533131.8528053024,433453.5656304483,533038.0410010375,434166.4904761519
powiat rypiński,0412,527898.1484505831,575897.9081465461,529489.3967219627,578646.8254678058
powiat kamiennogórski,0207,288545.50902547827,325149.1003645132,287476.30651273555,325195.19379280787
powiat żuromiński,1437,560753.1507041986,574122.9711454198,559105.5602985687,572783.3690700126
powiat przeworski,1814,752947.7552268117,253384.59242167434,750605.6913003211,252739.8767486806
powiat biłgorajski,0602,768405.3260399319,300492.3605769838,766591.8109658554,308974.2121309242
powiat gliwicki,2405,467245.9217584641,276879.0372285009,463415.0859577146,277389.95946715586
powiat Dąbrowa Górnicza,2465,521308.75248081796,276393.2664453407,520545.9597481949,278118.2915597069
powiat Chorzów,2463,497227.01554251177,269737.33769329154,497891.4017934721,269037.2424511397
powiat Mysłowice,2470,510435.79266436596,258990.6099991033,509476.4450813116,260276.7573646088
powiat tarnobrzeski,1820,695413.2134880546,298564.7226670647,702294.4317065219,303034.692661901
powiat nowotomyski,3015,305259.170344003,502505.4259270543,307361.1809793825,502302.51143023977
powiat rybnicki,2412,468147.12389748206,249880.74983125157,456488.86054311827,249739.39801753033
powiat średzki,0218,333669.20062213624,365444.5538031855,334493.3973854736,364806.07741152076
powiat trzebnicki,0220,360732.83696157864,391492.71196642704,364967.53562395676,391420.7575366553
powiat kępiński,3008,427639.1135294055,375275.0801319505,427149.9040567087,376270.77380102966
powiat ostrzeszowski,3018,432219.7498265087,398626.5348254975,428586.15010296874,397374.0998152108
powiat wschowski,0812,304000.63166860706,444317.8556733403,302979.28791772644,444176.05402455246
powiat radzyński,0615,753657.7172619952,442771.3370908962,752938.4065975479,441412.1909670583
powiat wołomiński,1434,661078.6113462935,506879.1736495358,664518.696638945,507153.0204453366
powiat średzki,3025,385041.4065264337,480377.93682895094,381151.0864734249,480643.7617519703
powiat buski,2601,631851.9124692017,287202.3109976811,627726.203057071,289299.7182550072
powiat płoński,1420,591675.6715090704,529922.2262280791,596917.5555040764,531134.6929335706
powiat chrzanowski,1203,531646.3302989857,249718.62184401046,529163.546178288,250514.98913148977
powiat mielecki,1811,670231.2757413927,272129.28409275843,670634.8582730289,274574.7198395473
powiat opoczyński,1007,585518.3845649788,391284.93160140875,579685.6128324135,392485.5466687321
powiat zawierciański,2416,543321.7479105601,295127.99913932174,544239.3048982426,297624.08534009336
powiat jasielski,1805,677924.8021998127,201113.80680416315,677948.9263652087,200009.3502092911
powiat malborski,2209,500911.5427771172,690039.3577588972,501861.30819138646,688736.5251277531
powiat kętrzyński,2808,651140.7546501585,700448.9751079082,648983.1126246223,699132.0701397122
powiat grudziądzki,0406,497086.394800851,623632.327706363,500810.8550404526,622959.4319519112
powiat leszczyński,3013,332649.24212068587,447889.56224436447,345026.2829737937,445517.38086476736
powiat opolski,0612,708373.9539995503,367799.9113253591,710843.8017827508,366466.8321989742
powiat sochaczewski,1428,582748.9525552933,489726.60481044016,578557.9344865424,489546.39448954165
powiat Bydgoszcz,0461,436631.7750068248,585527.6754416643,435234.19768417266,585392.0891721314
powiat zielonogórski,0809,262653.9305009223,463422.5580210125,278778.398265921,462163.1127031846
powiat działdowski,2803,568185.0572407756,601042.298112995,565588.5238514596,603124.6549273063
powiat tarnowski,1216,641122.489855636,232975.066377193,640286.9257490765,236971.87989443867
powiat Elbląg,2861,528651.4305660956,702997.8263677794,528764.4776371121,703930.0995394988
powiat hrubieszowski,0604,843942.0201643177,330490.13142928644,843585.9498953393,327402.7440873734
powiat włodawski,0619,805830.7433401552,412504.35829812405,805144.6167554659,416021.6862332071
powiat Sopot,2264,471650.25621711265,731159.7736449764,471591.62406530615,731081.0027259802
powiat chojnicki,2202,413538.83849203045,661345.6786865542,416443.3941451496,660457.2044595396
powiat mogileński,0409,437228.5576712926,530653.0047276936,433815.4546672357,533278.07428846
powiat żniński,0419,416037.98992040445,551518.1631354436,411656.92960053147,551449.0230828263
powiat inowrocławski,0407,452771.44681701565,547853.35565569,454241.2642937955,544497.2065089499
powiat pińczowski,2608,606244.7193505976,291229.02571403136,605515.3383615246,293766.45098624704
powiat brzeski,1202,618263.6767823839,236510.1069600411,618825.404735537,236174.16542590596
powiat rzeszowski,1816,718913.2932747393,246096.57655965784,705003.2446820702,248267.11260351725
powiat łańcucki,1810,732907.4990670932,252321.9091106971,734207.8013477342,251672.21724595362
powiat pszczyński,2410,491711.3506900527,236000.87261783652,492198.083661923,235875.87048524525
powiat Wrocław,0264,359822.4520056945,364233.63740758895,359097.60113295587,364152.3088849508
powiat krośnieński,0802,225328.55098537117,469413.0927555571,225332.74454273342,468429.1719529177
powiat choszczeński,3202,271445.3625394355,591341.2014114147,276121.84200542927,592177.1985411313
powiat Białystok,2061,778095.4634582913,593291.9964542683,777395.4644869494,592791.2489354848
powiat policki,3211,197432.03009737525,643107.510781572,200338.04106995065,639450.0651025684
powiat goleniowski,3204,228023.63661721288,648817.3090261318,228848.22609649826,646714.6714105993
powiat tomaszowski,1016,572691.3358460038,415555.8299547581,573807.7610057665,414901.2813124601
powiat górowski,0204,330796.5545716849,421145.3330740288,330908.00827795797,421631.8893195172
powiat rawicki,3022,358688.4000317318,421805.69342875754,362132.99902652064,421953.58654177096
powiat oleśnicki,0214,395990.87845401367,378529.6390060855,395471.760573366,377474.3525893674
powiat milicki,0213,383350.71247652464,407011.31201033155,382226.96589532006,405900.838881243
powiat gostyński,3004,366508.4867736157,442156.87912671565,368394.84259860386,443097.64878536016
powiat pyrzycki,3212,228179.62038905366,593103.8030669403,231070.08060339862,592217.7519900976
powiat legionowski,1408,633154.1224941036,510956.045140897,631516.0421285739,511628.6019830825
powiat miechowski,1208,576003.417853841,280954.6929929576,576935.732265836,280714.47681174334
powiat pucki,2211,460568.5325037121,760866.2943042312,463830.14987603156,759441.2007657723
powiat tczewski,2214,482536.6846649495,674209.8849351117,483382.65252054064,672737.5072574238
powiat kłobucki,2406,490264.59039985074,341001.1635759161,490574.2002323604,340656.334414809
powiat puławski,0614,712385.7136568093,398623.593481342,713481.6325692516,399448.85360139515
powiat aleksandrowski,0401,481952.4685671197,548077.2624441963,485180.0892716009,546584.3755804002
powiat rawski,1013,596593.6377707346,434100.2546263189,594956.847893379,433858.27057535667
powiat wyszkowski,1435,666867.9205024671,534041.1942337912,669956.438767635,534699.9363371748
powiat lęborski,2208,415261.6280681828,747107.2601449037,415218.0919656408,745713.0030823993
powiat Zielona Góra,0862,261559.9344070808,456842.1822067315,262769.6465055678,456966.72318082256
powiat kraśnicki,0607,720878.3669450713,343427.99357394484,721125.8853621876,342992.5328921499
powiat zambrowski,2014,718666.761231005,576267.7607820962,717417.1070777497,578047.7414994682
powiat łowicki,1005,559243.4725622402,472267.2576266054,556409.8023397839,471948.1715087849
powiat łosicki,1410,762207.4706165945,491244.9370368027,761683.5092281789,491033.74031860195
powiat kolbuszowski,1806,699108.6086384117,273745.1452926366,697251.75480282,275986.362506825
powiat łódzki wschodni,1006,545259.7078080553,423984.64444189746,540633.1854160754,424567.3351535159
powiat zduńskowolski,1019,495880.3151891035,419110.5772442821,496355.47819613037,417104.1895507211
powiat Częstochowa,2464,508331.0018883826,326485.0471994215,508765.2316018886,326976.4618254113
powiat brzeski,1601,392768.95813929505,326065.8613181682,396659.0678311046,325951.5963104549
powiat bełchatowski,1001,517216.2140361848,388179.60347628227,519228.4160198766,389141.27977202367
powiat pajęczański,1009,502141.56646583474,365184.0904981815,501317.7407499604,363839.9342620922
powiat lidzbarski,2809,591988.3229620688,695299.9137080935,593082.3887682789,694249.7075595018
powiat żarski,0811,220868.225656074,430881.0124631084,224107.92034615896,425692.5802851934
powiat nowomiejski,2812,534975.6911465795,619372.1029135216,538065.8468295481,619117.2332934663
powiat sanocki,1817,727204.1990346999,181632.2892059818,725409.3288893455,178702.99882336007
powiat raciborski,2411,446272.6353060067,250006.28788966328,442697.67175785697,246840.29730520444
powiat Kalisz,3061,436230.74642479926,431242.6423574352,436482.0220127589,431615.1399531397
powiat Grudziądz,0462,484964.3301047398,623043.4023987046,484193.763334357,623077.3626355496
powiat gryfiński,3206,198254.0414147592,582312.6513487549,198322.1227414108,582413.9508816805
powiat Konin,3062,449649.47191606247,487953.5234668527,450043.87451365904,488038.9642949328
powiat sierpecki,1427,546800.3050573489,551739.652542031,546575.6459907473,552158.3724947851
powiat stalowowolski,1818,714390.2751253571,310230.85771450197,718707.6842340525,307037.8860212914
powiat Lublin,0663,748243.2974079157,379235.0320866365,748263.9408566558,378422.78691991465
powiat Tarnów,1263,641303.263230952,241550.4360664342,640662.8171796009,241658.982015518
powiat bartoszycki,2801,614524.9060324152,710705.661014824,602099.1775262952,706548.949276743
powiat białobrzeski,1401,635211.804219318,418994.76483076625,638323.8339767251,419001.76664513303
powiat bielski,2402,503485.8969665969,218582.8528504814,493476.30870322697,215392.36100070179
powiat ząbkowicki,0224,349826.6654704524,302702.82146967086,348756.80369821726,301018.3621172183
powiat Bytom,2462,491297.6307444179,277391.47667564463,490924.02992904314,277572.09367039986
powiat nyski,1607,382748.08362287976,291233.0334333202,378978.8054775249,289364.9776276853
powiat pilski,3019,363441.9656374014,590557.5140527777,357729.64286343264,589981.0997166471
powiat gryficki,3205,252556.79424524884,683310.550397762,254374.3990351194,681733.039869478
powiat kamieński,3207,221154.17069623875,678801.9216622073,218664.39908514143,679581.0436030705
powiat lubelski,0609,744305.2655119721,369260.6984128435,740276.6288476863,368762.3104752349
powiat janowski,0605,742076.5846893782,323339.84121978015,741513.3114236324,325617.94777586125
powiat Wałbrzych,0265,309041.4799927916,327886.17385737796,308696.98728643835,327801.5782634164
powiat jaworski,0205,300466.7894757476,354127.201143836,296281.92613014235,351897.29726973455
powiat świdnicki,0219,319907.4717356996,339440.22872232617,322396.90404647245,336913.3623969578
powiat opatowski,2606,676648.5599263964,333311.27393212845,687280.3003992827,337858.3986347937
powiat poznański,3021,360114.6077498854,504966.59494908387,379487.29840824334,507417.41946386825
powiat Słupsk,2263,371844.7204562854,735429.8864257961,371256.9008963766,735107.1041273396
powiat radomszczański,1012,543461.8371517252,354703.61566085264,544274.4875225456,355496.9700397812
powiat staszowski,2612,656884.3112891199,299219.80047356576,663692.8699605812,296745.1343182721
powiat szydłowiecki,1430,630593.4453259797,377099.1739449201,628855.8320903257,378275.8661183072
powiat kościerski,2206,434792.4492308785,687469.69102378,432694.56554285705,684345.8752467167
powiat piski,2816,687677.5118355898,647827.3613846406,686042.1961156204,650023.1422909354
powiat złotoryjski,0226,281547.820946724,364257.71184633876,281690.5618928708,362928.1709808628
powiat proszowicki,1214,595282.5319352478,260292.780335425,590364.1151093235,261851.62874715123
powiat Siedlce,1464,723647.904043556,482707.2988471611,724213.6527155408,482270.5861128066
powiat koszaliński,3209,328574.9776836938,697618.4808698817,332972.6258149412,696990.2741770558
powiat Biała Podlaska,0661,784016.0802235488,470744.93970010156,784503.5199991527,470555.74376604287
powiat świebodziński,0808,260288.06095612588,492550.62791562686,259478.9912116562,491900.7333460599
powiat grodziski,3005,319500.6760180455,482387.38109275926,320448.9094216125,480410.08386398805
powiat Koszalin,3261,317617.3842784253,707614.7675220848,318359.1489970763,708464.140953864
powiat nowotarski,1211,573876.5815954822,179716.0267962269,572898.8659313847,181126.43186471146
powiat otwocki,1417,662017.386708778,467410.5824691347,664258.0275913863,467232.77183753997
powiat Kraków,1261,570493.5169418084,243344.48672417624,569856.1851281677,242594.16245624982
powiat pleszewski,3020,418239.62394384324,450793.0345134017,418940.1506101269,451492.8550940552
powiat łęczyński,0610,776393.0380867419,389996.05421976896,777604.7360550374,389496.0963814887
powiat parczewski,0613,777034.9045128151,424635.86446704424,772107.7022141824,422360.75245619053
powiat opolski,1609,422507.79524612374,317647.0244671395,435463.0237030466,319219.6259294809
powiat Opole,1661,423563.48187224526,313042.80199628865,424501.6715646406,312976.3379629543
powiat wągrowiecki,3028,383478.5762301832,551033.6033662261,384687.3437349431,552604.7295164331
powiat Toruń,0463,474444.84872468445,572923.6139934475,472980.5905949593,572193.9809821737
powiat sławieński,3213,343687.099201909,726035.9312891172,342705.1949246647,726522.4062337121
powiat Jastrzębie-Zdrój,2467,472307.29088593915,232044.91777612644,471286.4295139534,232659.46375046857
powiat drawski,3203,300504.1574507891,627335.3192435197,303558.06725085666,624448.905088828
powiat kazimierski,2603,608375.2211223557,268818.40110267437,608465.5826256267,270074.33466148376
powiat suwalski,2012,751283.5375530786,707840.8716796834,743109.865444761,706987.9950836203
powiat głubczycki,1602,418543.9506790933,252697.01142648023,416731.68494676624,254117.27894979157
powiat sejneński,2009,781408.2487021924,699955.714860436,781210.9718246155,700864.1648513475
powiat jędrzejowski,2602,586509.7120996477,308976.62433088815,591780.9536733723,310746.7164438865
