JPT_KOD_JE,JPT_NAZWA_,Dlugosc,Szerokosc
1007052,Paradyż,20.10008,51.30898
2610042,Skarżysko Kościelne,20.93298,51.13620
2604023,Bodzentyn,20.91800,50.95120
1423082,Wieniawa,20.78626,51.37000
1208022,Gołcza,19.91268,50.32952
612053,Opole Lubelskie,21.98457,51.11631
3011023,Czempiń,16.74671,52.14198
2210023,Nowy Dwór Gdański,19.16596,54.20016
2204052,Przywidz,18.32880,54.20429
2204042,Pruszcz Gdański,18.65878,54.26890
2263011,Słupsk,17.02200,54.46663
2211072,Puck,18.35195,54.70547
2605023,Gowarczów,20.44917,51.28141
2261011,Gdańsk,18.77440,54.41678
1608033,Olesno,18.46505,50.86916
1421033,Brwinów,20.72559,52.14767
2206032,Karsin,17.91518,53.92695
1813092,Stubno,22.98252,49.90087
1814053,Kańczuga,22.39875,49.95810
2012092,Wiżajny,22.85766,54.34129
3016032,Ryczywół,16.81876,52.79457
2601052,Solec-Zdrój,20.88621,50.37751
2604172,Nowiny,20.51937,50.82031
1403122,Trojanów,21.77825,51.69391
1216013,Ciężkowice,20.92948,49.77748
2613012,Kluczewsko,19.91716,50.95984
2404162,Starcza,19.05832,50.66726
1429042,Jabłonna Lacka,22.45041,52.48463
1432032,Kampinos,20.42006,52.27363
1609022,Dąbrowa,17.76391,50.70338
1438011,Żyrardów,20.44425,52.05705
604011,Hrubieszów,23.88724,50.80779
801032,Deszczno,15.29237,52.65471
461011,Bydgoszcz,18.05258,53.13129
603032,Chełm,23.44650,51.14243
208092,Lewin Kłodzki,16.30068,50.41213
1020073,Parzęczew,19.20839,51.94038
2403042,Brenna,18.90981,49.72613
419033,Janowiec Wielkopolski,17.52144,52.76535
1218042,Lanckorona,19.74108,49.85231
1426092,Skórzec,22.11334,52.10408
2002103,Suraż,23.00173,52.94126
2205052,Somonino,18.20799,54.25112
1012122,Radomsko,19.44806,51.04389
2611032,Mirzec,21.06277,51.12757
2814052,Gietrzwałd,20.24821,53.72998
2815042,Łukta,20.06226,53.79893
3005032,Kamieniec,16.48536,52.15080
2409042,Poraj,19.23398,50.65708
2411011,Racibórz,18.22547,50.08851
2813052,Świętajno,22.29466,54.01985
3202053,Pełczyce,15.33164,53.03863
2818012,Banie Mazurskie,22.05987,54.25984
1415042,Goworowo,21.53892,52.89503
2002063,Łapy,22.86686,53.00521
2410062,Suszec,18.82384,50.02458
2009032,Krasnopol,23.18970,54.11192
2010011,Siemiatycze,22.86671,52.42099
1010062,Moszczenica,19.68365,51.50489
1010093,Sulejów,19.82607,51.35018
1013023,Biała Rawska,20.47508,51.81762
1020043,Aleksandrów Łódzki,19.25076,51.82995
2601072,Tuczępy,21.00961,50.52187
2607032,Bodzechów,21.39972,50.93220
3024063,Pniewy,16.31403,52.54032
3261011,Koszalin,16.20299,54.20029
2804012,Elbląg,19.42327,54.15088
3009032,Chodów,19.02120,52.25652
3009082,Kościelec,18.56955,52.16652
2804082,Rychliki,19.50120,53.98181
3203023,Drawsko Pomorskie,15.83312,53.52722
605032,Dzwola,22.55018,50.66383
606072,Łopiennik Górny,23.06604,51.05070
608132,Uścimów,22.93973,51.47657
610062,Spiczyn,22.75503,51.35522
2611022,Brody,21.22756,51.04040
1206042,Jerzmanowice-Przeginia,19.72121,50.21229
1403112,Sobolew,21.69286,51.74805
2805042,Prostki,22.39067,53.70659
1434021,Marki,21.12106,52.33579
1415012,Baranowo,21.25413,53.18684
3003103,Witkowo,17.80215,52.44816
1213062,Oświęcim,19.23805,50.01651
2602012,Imielno,20.42824,50.58441
2606012,Baćkowice,21.22424,50.78414
3007072,Mycielin,18.23799,51.95776
3029012,Przemęt,16.27821,52.00206
1416022,Andrzejewo,22.17742,52.82875
1415083,Myszyniec,21.35227,53.36639
1807052,Korczyna,21.82987,49.74317
1809032,Horyniec-Zdrój,23.39103,50.23278
1603052,Polska Cerekiew,18.12107,50.21571
617022,Mełgiew,22.78744,51.22700
617052,Trawniki,22.98931,51.14500
619072,Wola Uhruska,23.59915,51.35273
1002062,Kutno,19.32891,52.22147
1017082,Skomlin,18.39685,51.17043
1417032,Celestynów,21.38177,52.04609
1413082,Szydłowo,20.49814,53.08955
2404143,Przyrów,19.50575,50.78654
3012023,Kobylin,17.24132,51.73075
210062,Platerówka,15.18306,51.06388
401082,Waganiec,18.85496,52.79939
403072,Sicienko,17.80541,53.20443
218022,Malczyce,16.49079,51.18485
613072,Sosnowica,23.09283,51.49814
616043,Ryki,21.94933,51.63020
618022,Bełżec,23.42849,50.37622
619082,Wyryki,23.34687,51.56546
620122,Sułów,22.95532,50.75862
1001011,Bełchatów,19.36640,51.36041
1001083,Zelów,19.20526,51.45557
1009062,Siemkowice,18.87140,51.21022
809033,Czerwieńsk,15.36492,52.03823
2606053,Ożarów,21.69972,50.87882
1207112,Słopnice,20.33294,49.67369
1405011,Milanówek,20.67240,52.12586
1401013,Białobrzegi,20.97436,51.62995
1434102,Strachówka,21.61691,52.40212
2006042,Mały Płock,21.99952,53.30462
2007022,Łomża,22.10259,53.12783
213012,Cieszków,17.32626,51.61116
1015072,Nowy Kawęczyn,20.24948,51.88607
1207072,Limanowa,20.44004,49.71098
1211123,Rabka-Zdrój,19.97326,49.59490
2802072,Wilczęta,19.85624,54.17140
3009072,Koło,18.66221,52.22837
1428052,Nowa Sucha,20.19198,52.16227
1428062,Rybno,20.10576,52.23871
1417082,Wiązowna,21.35178,52.16224
416022,Gostycyn,17.81492,53.48583
208103,Międzylesie,16.67990,50.17345
1419012,Bielsk,19.80361,52.65815
1803072,Żyraków,21.38767,50.11534
1805092,Skołyszyn,21.32924,49.76039
1435062,Zabrodzie,21.43862,52.50624
3002043,Krzyż Wielkopolski,16.03206,52.94936
210021,Świeradów-Zdrój,15.31431,50.91756
402092,Świedziebnia,19.56885,53.13402
403062,Osielsko,18.04717,53.21095
606062,Kraśniczyn,23.35331,50.93082
401031,Nieszawa,18.88669,52.83737
803063,Trzciel,15.77307,52.35408
609122,Strzyżewice,22.45991,51.06532
3005023,Grodzisk Wielkopolski,16.33701,52.23990
3023032,Orchowo,18.02125,52.51021
2812022,Biskupiec,19.34827,53.48523
1407072,Sieciechów,21.74116,51.54150
1402052,Grudusk,20.62246,53.03475
1425042,Jastrzębia,21.24254,51.51285
2201082,Studzienice,17.59478,54.08921
2208052,Wicko,17.63159,54.70707
3012011,Sulmierzyce,17.52633,51.61666
2817083,Wielbark,20.94805,53.39964
3010092,Skulsk,18.33000,52.47225
2810042,Piecki,21.34809,53.71988
1401063,Wyśmierzyce,20.77969,51.60315
3026043,Śrem,17.01224,52.09106
1430042,Orońsko,20.95395,51.31994
1416032,Boguty-Pianki,22.39828,52.73178
1609112,Tarnów Opolski,18.05182,50.58514
1804073,Pruchnik,22.49074,49.89820
1809011,Lubaczów,23.12000,50.15671
1811022,Borowa,21.32613,50.38414
1818032,Pysznica,22.16005,50.60436
1820032,Grębów,21.85601,50.54906
205052,Paszowice,16.13215,50.99725
616052,Stężyca,21.74559,51.60844
2002152,Zawady,22.57061,53.16697
2202011,Chojnice,17.56749,53.69978
225052,Sulików,15.08737,51.06153
1018052,Łubnice,18.29411,51.17630
2214032,Morzeszczyn,18.66764,53.82954
609062,Jabłonna,22.63724,51.08540
614072,Markuszów,22.25710,51.38436
616062,Ułęż,22.11831,51.60201
2809011,Lidzbark Warmiński,20.56970,54.13185
3010022,Grodziec,18.03574,52.03656
3031042,Lipka,17.21273,53.48785
1209022,Lubień,19.95206,49.68342
2403052,Chybie,18.82659,49.89128
808042,Szczaniec,15.68257,52.23922
809082,Trzebiechów,15.71291,52.02384
3216062,Świdwin,15.74909,53.77928
811102,Żary,15.13347,51.65150
1005032,Chąśno,19.91415,52.19336
1006103,Rzgów,19.50204,51.66150
1009043,Pajęczno,19.01699,51.11939
1205092,Sękowa,21.28879,49.55536
2806062,Miłki,21.84481,53.92772
1429082,Sokołów Podlaski,22.20016,52.41767
1433062,Miedzna,22.05682,52.49313
3008052,Perzów,17.79833,51.24913
3028043,Mieścisko,17.34177,52.73048
1211082,Łapsze Niżne,20.23626,49.39575
1263011,Tarnów,20.97332,50.02445
1021052,Rogów,19.87077,51.82878
1205042,Gorlice,21.13832,49.65088
2409023,Koziegłowy,19.17706,50.57876
2415052,Godów,18.48866,49.93402
214042,Dziadowa Kłoda,17.68007,51.21391
1803063,Pilzno,21.27228,49.97348
1812022,Jarocin,22.32947,50.57891
1816143,Tyczyn,22.05462,49.95198
2405082,Wielowieś,18.55694,50.50985
3008072,Trzcinica,18.00871,51.17457
1611033,Kolonowskie,18.37307,50.65849
1611053,Strzelce Opolskie,18.28372,50.53382
861011,Gorzów Wielkopolski,15.21948,52.73143
3202042,Krzęcin,15.49634,53.06741
408032,Chrostkowo,19.23653,52.95052
2807032,Iława,19.58133,53.63229
601172,Tuczna,23.42989,51.85745
3218043,Resko,15.44481,53.77399
3201043,Tychowo,16.23764,53.93580
3214102,Stargard,15.04536,53.34574
205042,Mściwojów,16.26470,51.05771
209062,Miłkowice,16.10387,51.25122
211032,Rudna,16.32945,51.51901
1607073,Paczków,17.02683,50.44343
204032,Niechlów,16.38916,51.69157
812023,Szlichtyngowa,16.24465,51.73627
1432013,Błonie,20.58688,52.20237
1408052,Wieliszew,20.88199,52.45233
1415072,Łyse,21.56820,53.37128
1405043,Grodzisk Mazowiecki,20.61648,52.10630
1405032,Baranów,20.47102,52.14989
1215082,Zawoja,19.56331,49.63772
1018032,Galewice,18.26717,51.37752
1436032,Przyłęk,21.75745,51.33129
1813082,Przemyśl,22.74165,49.77517
1425093,Przytyk,20.86862,51.46640
1425132,Zakrzew,21.02521,51.44369
1426062,Paprotnia,22.44422,52.28937
2479011,Żory,18.69236,50.03711
2808011,Kętrzyn,21.37429,54.08144
3030043,Pyzdry,17.73039,52.14549
3030053,Września,17.58647,52.33045
3061011,Kalisz,18.07608,51.74395
1818042,Radomyśl nad Sanem,21.94707,50.71492
1820043,Nowa Dęba,21.73681,50.47234
1437052,Siemiątkowo,20.03498,52.87849
408062,Lipno,19.15054,52.82696
613052,Podedwórze,23.22505,51.66371
615062,Radzyń Podlaski,22.62099,51.79435
620062,Miączyn,23.55337,50.74064
2816023,Orzysz,21.93234,53.80781
2816043,Ruciane-Nida,21.56932,53.63949
811063,Lubsko,14.97570,51.81980
1001042,Kleszczów,19.29252,51.23407
1003012,Buczek,19.17438,51.52190
1003052,Wodzierady,19.12965,51.71631
1014082,Sieradz,18.75622,51.58364
1419072,Łąck,19.62265,52.45251
1008052,Ksawerów,19.40732,51.67753
1215042,Bystra-Sidzina,19.72040,49.61869
2417072,Łękawica,19.29726,49.75060
2610022,Bliżyn,20.71531,51.09445
412011,Rypin,19.41981,53.06343
412062,Wąpielsk,19.28355,53.15278
617011,Świdnik,22.68541,51.21914
807043,Sulęcin,15.17665,52.43138
418092,Kowal,19.16673,52.53065
809022,Bojadła,15.82767,51.96544
809072,Świdnica,15.34635,51.90661
3215043,Borne Sulinowo,16.50863,53.59336
3023052,Powidz,17.93425,52.43075
1061011,Łódź,19.48026,51.76649
2802053,Pieniężno,20.16323,54.24104
3028062,Wapno,17.46872,52.91472
1804042,Jarosław,22.70351,50.04283
2813032,Kowale Oleckie,22.33430,54.14617
3201033,Karlino,15.82850,54.04448
3017042,Ostrów Wielkopolski,17.78605,51.68349
3016023,Rogoźno,16.99034,52.73747
3214033,Dobrzany,15.44469,53.35884
3214062,Kobylanka,14.85192,53.36987
2406062,Panki,18.75393,50.88761
2602052,Oksa,20.14445,50.74650
1413102,Wiśniewo,20.30664,53.05293
3019011,Piła,16.76303,53.14555
225063,Węgliniec,15.16540,51.34551
402042,Brzozie,19.60375,53.30339
403083,Solec Kujawski,18.25254,53.03517
606052,Krasnystaw,23.16136,51.00181
226011,Wojcieszów,15.92292,50.95487
401011,Aleksandrów Kujawski,18.69862,52.87818
808012,Lubrza,15.40633,52.29250
1409023,Ciepielów,21.54721,51.23150
1410042,Platerów,22.79959,52.29725
1411082,Rzewnie,21.35571,52.82036
1201082,Trzciana,20.37314,49.83439
404032,Kijewo Królewskie,18.44016,53.26465
407011,Inowrocław,18.25334,52.78078
1006082,Nowosolna,19.62828,51.81181
1009052,Rząśnia,19.06832,51.22362
3026033,Książ Wielkopolski,17.21738,52.04771
3017011,Ostrów Wielkopolski,17.81430,51.64701
1437063,Żuromin,19.91179,53.04640
1402042,Gołymin-Ośrodek,20.83079,52.82031
1462011,Płock,19.70159,52.53755
1412073,Halinów,21.36241,52.23362
1408011,Legionowo,20.93208,52.40511
1419102,Radzanowo,19.86204,52.57884
615052,Komarówka Podlaska,22.95983,51.83087
1419063,Gąbin,19.76301,52.41724
3030023,Miłosław,17.51501,52.18787
2205032,Przodkowo,18.26459,54.39475
2205023,Kartuzy,18.12061,54.35803
2215102,Wejherowo,18.22648,54.59448
1007043,Opoczno,20.30207,51.39862
2605033,Końskie,20.38711,51.18051
1805062,Krempna,21.48676,49.49240
2205042,Sierakowice,17.87081,54.34526
1423052,Potworów,20.73585,51.49063
2207022,Gardeja,19.03547,53.64507
1814032,Gać,22.39782,50.02650
2008043,Knyszyn,22.95201,53.33340
2008063,Mońki,22.79712,53.39863
3017023,Nowe Skalmierzyce,17.97992,51.71455
2606072,Tarłów,21.72651,50.99615
2608022,Kije,20.58108,50.61300
2815052,Małdyty,19.73067,53.90311
1410032,Olszanka,22.66201,52.14799
3024073,Szamotuły,16.56451,52.58224
2613063,Włoszczowa,19.95554,50.83451
2801063,Sępopol,21.02180,54.29249
2402102,Wilkowice,19.07460,49.75864
2402052,Jasienica,18.90641,49.83801
1434052,Dąbrówka,21.26429,52.48936
608092,Niedźwiada,22.70709,51.52591
418043,Brześć Kujawski,18.90190,52.63028
602011,Biłgoraj,22.71124,50.53853
613012,Dębowa Kłoda,23.03847,51.59358
614062,Kurów,22.17552,51.40305
615011,Radzyń Podlaski,22.62778,51.77710
811092,Tuplice,14.88089,51.69572
2471011,Piekary Śląskie,18.96666,50.37360
804082,Siedlisko,15.88511,51.76637
609052,Głusk,22.61508,51.16529
601021,Terespol,23.61778,52.07383
3004073,Poniec,16.86059,51.77935
1218093,Wadowice,19.51277,49.86854
1424022,Obryte,21.23309,52.72362
2003032,Bielsk Podlaski,23.18507,52.79279
2003042,Boćki,23.05150,52.63573
1009032,Nowa Brzeźnica,19.15980,51.05309
1010083,Rozprza,19.67977,51.29268
1012062,Kobiele Wielkie,19.61902,51.02327
1017042,Mokrsko,18.48241,51.15955
2417032,Gilowice,19.30207,49.70901
2609082,Wilczyce,21.64977,50.75191
3215052,Grzmiąca,16.43560,53.84142
1813062,Medyka,22.91271,49.80751
3014022,Kwilcz,16.11093,52.54459
3202063,Recz,15.57323,53.25717
3206043,Gryfino,14.56785,53.24221
209011,Chojnów,15.93509,51.27280
402032,Brodnica,19.40958,53.23780
606043,Izbica,23.14959,50.89391
801073,Witnica,14.87650,52.67955
1214033,Nowe Brzesko,20.39811,50.15010
1214042,Pałecznica,20.30587,50.27767
1018022,Czastary,18.31619,51.25249
1429032,Ceranów,22.22204,52.65011
1430032,Mirów,21.01414,51.18932
1433011,Węgrów,22.03195,52.40508
416063,Tuchola,17.88619,53.65324
2405021,Pyskowice,18.60964,50.38896
2407052,Kochanowice,18.72865,50.71956
2012062,Rutka-Tartak,22.96468,54.31788
2013023,Ciechanowiec,22.56516,52.66016
620072,Nielisz,23.05640,50.80587
1004063,Piątek,19.46631,52.06206
1015052,Lipce Reymontowskie,19.94222,51.90396
1016032,Budziszewice,19.97474,51.68172
1016072,Rokiciny,19.79939,51.65684
1008072,Pabianice,19.32287,51.66673
1211052,Jabłonka,19.68094,49.50523
2213132,Zblewo,18.34813,53.93864
2216032,Stary Dzierzgoń,19.44367,53.87245
2416053,Łazy,19.38979,50.41800
2468011,Jaworzno,19.29116,50.20433
3009043,Dąbie,18.80004,52.10982
1425103,Skaryszew,21.25438,51.29659
1420011,Płońsk,20.36403,52.62539
2817011,Szczytno,20.99562,53.56306
3206033,Chojna,14.42728,52.97132
606112,Żółkiewka,22.84618,50.90141
607042,Gościeradów,22.00072,50.86227
807053,Torzym,15.03771,52.30641
1411011,Maków Mazowiecki,21.09206,52.86139
1411022,Czerwonka,21.20748,52.89703
1205023,Biecz,21.21937,49.73619
1206082,Michałowice,20.00255,50.15869
2861011,Elbląg,19.43925,54.19046
1212053,Olkusz,19.60069,50.26489
1018073,Wieruszów,18.16314,51.31503
1020083,Stryków,19.60521,51.90897
2417052,Koszarawa,19.42986,49.65029
1806023,Kolbuszowa,21.80178,50.21677
2005082,Narew,23.50342,52.90880
1821022,Cisna,22.39218,49.18072
411072,Topólka,18.68862,52.49825
207033,Lubawka,15.96830,50.69333
811082,Trzebiel,14.83563,51.60065
1211011,Nowy Targ,20.03672,49.49032
1419042,Bulkowo,20.08385,52.55983
1804062,Pawłosiów,22.61767,50.00376
1262011,Nowy Sącz,20.70470,49.60744
1425082,Pionki,21.42519,51.47802
1426072,Przesmyki,22.61110,52.27614
2202032,Chojnice,17.57980,53.72930
2209062,Miłoradz,18.88636,54.02167
2406092,Wręczyca Wielka,18.87920,50.83900
2210052,Sztutowo,19.24847,54.34272
2013052,Kobylin-Borzymy,22.66607,53.08466
2013062,Kulesze Kościelne,22.51792,53.00598
2817022,Dźwierzuty,21.00574,53.70723
3002062,Połajewo,16.66801,52.78873
401042,Aleksandrów Kujawski,18.66703,52.85675
808022,Łagów,15.27168,52.28573
610042,Milejów,22.94618,51.22389
2003052,Brańsk,22.84883,52.74090
2004043,Rajgród,22.65199,53.67838
1817011,Sanok,22.21488,49.56089
208041,Nowa Ruda,16.52106,50.57112
1005042,Domaniewice,19.80528,52.02424
1006113,Tuszyn,19.53990,51.58009
1010022,Czarnocin,19.66593,51.59247
2607043,Ćmielów,21.53207,50.90742
2609022,Dwikozy,21.78242,50.74726
3010123,Ślesin,18.32490,52.36531
3011032,Kościan,16.67757,52.07681
1413042,Radzanów,20.12711,52.94302
1402072,Opinogóra Górna,20.73709,52.91563
1604023,Kluczbork,18.21465,50.97916
2001062,Płaska,23.30077,53.87377
2002023,Czarna Białostocka,23.24514,53.31455
2002042,Gródek,23.65675,53.12083
1013052,Regnów,20.39972,51.74644
3027062,Przykona,18.65091,51.99137
3007102,Szczytniki,18.32626,51.68715
2803032,Iłowo-Osada,20.29821,53.18778
1428042,Młodzieszyn,20.18775,52.32007
201032,Gromadka,15.73585,51.40782
208021,Kłodzko,16.64484,50.43670
1004052,Łęczyca,19.14375,52.06483
210033,Leśna,15.27463,51.01034
403043,Koronowo,17.88717,53.32937
803012,Bledzew,15.39707,52.52189
601132,Rossosz,23.10887,51.84767
602092,Łukowa,22.96681,50.39645
810053,Małomice,15.49098,51.55581
1204032,Gręboszów,20.79006,50.24728
1406073,Mogielnica,20.72177,51.67997
1403032,Borowie,21.78393,51.95285
1425112,Wierzbica,21.09631,51.24833
1427032,Mochowo,19.53673,52.77990
1816033,Boguchwała,21.87390,49.99312
1814073,Sieniawa,22.66145,50.18526
2404152,Rędziny,19.22476,50.87745
2409053,Żarki,19.36693,50.63593
2010052,Mielnik,23.10138,52.35361
3009113,Przedecz,18.94243,52.33874
1403042,Garwolin,21.55818,51.88997
1609062,Murów,17.99747,50.88445
1803023,Brzostek,21.43081,49.89716
1436022,Policzna,21.67355,51.43341
2006022,Grabowo,22.16770,53.47462
1607063,Otmuchów,17.17313,50.45223
414102,Świekatowo,18.11425,53.41723
202011,Bielawa,16.60342,50.67573
207011,Kamienna Góra,16.02657,50.78244
614083,Nałęczów,22.22926,51.30350
2206062,Lipusz,17.77159,54.10004
402053,Górzno,19.65773,53.19334
607011,Kraśnik,22.20776,50.94280
663011,Lublin,22.55662,51.22575
806032,Stare Kurowo,15.68923,52.84509
1214053,Proszowice,20.34291,50.20031
1215011,Jordanów,19.83562,49.65237
801052,Lubiszyn,14.98341,52.79892
802072,Maszewo,14.93211,52.12820
609072,Jastków,22.40341,51.29774
609102,Niedrzwica Duża,22.38855,51.11790
206011,Karpacz,15.74104,50.76247
2415062,Gorzyce,18.38037,49.97074
2606032,Lipnik,21.48827,50.73461
611092,Trzebieszów,22.52415,51.99600
3217023,Człopa,16.15432,53.09566
1202042,Dębno,20.71594,49.94557
1206072,Liszki,19.75000,50.04299
1428072,Sochaczew,20.26890,52.22491
3027052,Malanów,18.38457,51.95678
1010072,Ręczno,19.87233,51.19054
1428022,Brochów,20.32563,52.34171
1435053,Wyszków,21.45815,52.58425
1423043,Odrzywół,20.51139,51.54665
1406092,Pniewy,20.72910,51.90671
1411032,Karniewo,20.98868,52.84208
1204062,Radgoszcz,21.11742,50.19329
1215032,Budzów,19.71198,49.77896
212023,Lubomierz,15.54460,51.00332
206092,Stara Kamienica,15.56189,50.89651
219083,Żarów,16.52571,50.95602
204022,Jemielno,16.51542,51.55746
2407011,Lubliniec,18.69762,50.63408
216043,Polkowice,16.07778,51.49993
2413082,Tworóg,18.73497,50.52771
2465011,Dąbrowa Górnicza,19.29961,50.35429
209073,Prochowice,16.38066,51.26152
206031,Piechowice,15.58018,50.83144
2413011,Kalety,18.92505,50.55684
202052,Dzierżoniów,16.66023,50.73414
1812053,Nisko,22.14118,50.48111
1812073,Ulanów,22.31316,50.49966
1606012,Domaszowice,17.87187,51.04751
1607092,Skoroszyce,17.38536,50.59796
2414031,Lędziny,19.12380,50.12685
1816122,Świlcza,21.86174,50.09245
1816082,Kamień,22.11968,50.32064
1816011,Dynów,22.23307,49.81205
2061011,Białystok,23.15881,53.13222
601113,Piszczac,23.39710,51.96049
601082,Leśna Podlaska,23.03450,52.12614
601142,Sławatycze,23.55063,51.79126
3019033,Kaczory,16.89627,53.11914
1016062,Lubochnia,20.05759,51.60359
3214023,Chociwel,15.34346,53.47431
265011,Wałbrzych,16.29003,50.78644
218043,Środa Śląska,16.60208,51.16340
214032,Dobroszyce,17.33066,51.29415
220033,Trzebnica,17.10182,51.35598
220013,Oborniki Śląskie,16.89218,51.28861
211022,Lubin,16.19424,51.36411
224063,Ziębice,17.03375,50.59580
204013,Góra,16.54846,51.67871
224033,Kamieniec Ząbkowicki,16.90888,50.51364
1601033,Grodków,17.35368,50.69000
1418032,Lesznowola,20.91468,52.07448
2006062,Turośl,21.71901,53.40772
2602082,Sobków,20.44575,50.70535
2417092,Milówka,19.05493,49.55932
1436053,Zwoleń,21.58648,51.35349
1602022,Branice,17.82431,50.06203
1809082,Wielkie Oczy,23.11782,50.04166
2406032,Lipie,18.78538,51.03408
2011022,Janów,23.28041,53.45194
2212102,Ustka,16.93178,54.57093
618123,Tyszowce,23.66813,50.62598
3205023,Gryfice,15.16820,53.90681
3001032,Chodzież,16.88943,52.99287
2007013,Jedwabne,22.34814,53.29778
1808042,Leżajsk,22.41340,50.23889
1818053,Zaklików,22.08504,50.73633
811021,Żary,15.15018,51.62651
1002022,Bedlno,19.59666,52.17466
1013032,Cielądz,20.34817,51.69495
2001052,Nowinka,23.00607,53.95226
1015022,Głuchów,20.08648,51.79790
1210011,Grybów,20.95072,49.61368
1212011,Bukowno,19.43145,50.25727
1422042,Jednorożec,21.05707,53.16102
2417011,Żywiec,19.21297,49.69558
2807073,Zalewo,19.62312,53.80885
2810011,Mrągowo,21.30289,53.86729
3062011,Konin,18.26214,52.25534
2807011,Iława,19.56592,53.59820
1415032,Czerwin,21.76732,52.95506
620082,Radecznica,22.83706,50.70783
1004011,Łęczyca,19.19769,52.05533
601092,Łomazy,23.19817,51.90209
2613032,Moskorzew,19.93825,50.65725
3009102,Osiek Mały,18.57853,52.27575
1610013,Biała,17.69946,50.42906
2406052,Opatów,18.82992,50.94171
2010092,Siemiatycze,22.85632,52.45394
2201032,Czarna Dąbrówka,17.57754,54.33767
3203013,Czaplinek,16.25866,53.55338
3016013,Oborniki,16.75900,52.65379
1426082,Siedlce,22.29895,52.17459
1419122,Słupno,19.82978,52.51089
2208032,Cewice,17.75027,54.44153
1813102,Żurawica,22.78199,49.84088
2404132,Poczesna,19.13287,50.72334
2402082,Porąbka,19.24385,49.82452
1202033,Czchów,20.66344,49.84265
1406042,Goszczyn,20.85013,51.74246
1218102,Wieprz,19.38127,49.91039
1216072,Rzepiennik Strzyżewski,21.08786,49.79745
1216103,Tuchów,21.04407,49.88662
2203062,Przechlewo,17.24591,53.81716
1611043,Leśnica,18.21086,50.43205
1802032,Dydnia,22.19431,49.68483
1606052,Wilków,17.63785,51.12731
2816013,Biała Piska,22.08522,53.63352
2817072,Świętajno,21.25954,53.58840
3021021,Puszczykowo,16.85468,52.28143
3207023,Golczewo,14.94565,53.83596
3003093,Trzemeszno,17.83873,52.57559
225072,Zgorzelec,15.06996,51.13616
807032,Słońsk,14.83143,52.56883
1062011,Piotrków Trybunalski,19.70571,51.41488
404042,Lisewo,18.66052,53.30078
1004082,Witonia,19.28263,52.13977
1012092,Ładzice,19.30702,51.07493
615082,Wohyń,22.79245,51.76473
3011043,Krzywiń,16.86509,51.98806
1404022,Gostynin,19.42668,52.42919
2612013,Bogoria,21.27355,50.65496
2612073,Staszów,21.20554,50.58157
2604102,Miedziana Góra,20.55181,50.95099
2604112,Mniów,20.46193,51.01568
1424052,Świercze,20.79000,52.67368
3210043,Myślibórz,14.84362,52.94865
1465011,Warszawa,21.04774,52.22933
3006043,Żerków,17.60457,52.07149
1437013,Bieżuń,19.93672,52.95966
1213093,Zator,19.44077,49.99197
601182,Wisznice,23.17851,51.77714
2216053,Sztum,19.01151,53.92772
2207052,Ryjewo,18.97384,53.84796
1012113,Przedbórz,19.96087,51.07848
3209012,Będzino,15.94926,54.19850
2205083,Żukowo,18.38835,54.35201
2206042,Kościerzyna,17.97349,54.10326
2215011,Reda,18.33954,54.61729
1608013,Dobrodzień,18.45154,50.72782
2404112,Mykanów,19.16457,50.93216
2408011,Łaziska Górne,18.85177,50.14410
2213052,Kaliska,18.18526,53.89807
1607013,Głuchołazy,17.37246,50.33970
2001022,Augustów,22.92610,53.83115
417011,Wąbrzeźno,18.95024,53.27829
405032,Golub-Dobrzyń,19.08985,53.14056
3018063,Mikstat,17.98548,51.52978
1206063,Krzeszowice,19.61732,50.13685
1403132,Wilga,21.40241,51.84740
1405062,Żabia Wola,20.67601,52.00522
1413052,Strzegowo,20.31007,52.91881
3024011,Obrzycko,16.52874,52.70192
3007112,Żelazków,18.15196,51.83680
2414021,Imielin,19.20108,50.14304
1415022,Czarnia,21.17308,53.33764
1416112,Zaręby Kościelne,22.13553,52.74693
1609012,Chrząstowice,18.08888,50.65295
1435022,Długosiodło,21.57627,52.76394
2819012,Budry,21.86376,54.27682
3019093,Wysoka,17.07255,53.19251
3207043,Międzyzdroje,14.47579,53.87861
604022,Dołhobyczów,24.00725,50.53526
417052,Ryńsk,18.90748,53.25561
808063,Zbąszynek,15.79716,52.26024
615033,Czemierniki,22.64444,51.67036
810062,Niegosławice,15.73647,51.60994
1021011,Brzeziny,19.74691,51.80288
2602072,Słupia (Jędrzejowska),19.93119,50.59160
609152,Wysokie,22.68861,50.91356
1216082,Skrzyszów,21.10365,49.98920
1420043,Czerwińsk nad Wisłą,20.35347,52.43166
1812032,Jeżowe,22.11436,50.37021
1815052,Wielopole Skrzyńskie,21.59296,49.94688
1003032,Sędziejowice,19.02925,51.50584
1013062,Sadkowice,20.55232,51.71053
862011,Zielona Góra,15.53089,51.92673
1020092,Zgierz,19.42179,51.92606
2403021,Ustroń,18.82721,49.71529
2416063,Ogrodzieniec,19.54913,50.45251
2464011,Częstochowa,19.11828,50.80525
2608013,Działoszyce,20.35914,50.39736
3064011,Poznań,16.92310,52.40646
2803052,Płośnica,20.01313,53.24287
1813072,Orły,22.80194,49.87994
2009052,Sejny,23.40495,54.11782
3205012,Brojce,15.35979,53.96903
3205032,Karnice,15.07930,54.02512
3205072,Rewal,15.04530,54.07972
404011,Chełmno,18.42788,53.34921
603052,Dubienka,23.85690,51.03470
801011,Kostrzyn nad Odrą,14.63813,52.61470
1210082,Łabowa,20.86967,49.49849
1214023,Koszyce,20.56601,50.17237
1018013,Bolesławiec,18.21407,51.21477
1429053,Kosów Lacki,22.11536,52.58613
1416011,Ostrów Mazowiecka,21.88560,52.80251
1417043,Karczew,21.27293,52.04208
1661011,Opole,17.91775,50.67938
219043,Jaworzyna Śląska,16.43451,50.90892
404062,Stolno,18.57283,53.33973
410023,Mrocza,17.56615,53.24289
2011072,Sidra,23.45741,53.54047
619022,Hanna,23.46483,51.69776
1011033,Poddębice,18.90707,51.88902
1210133,Piwniczna-Zdrój,20.74268,49.43923
2215042,Choczewo,17.84066,54.75263
3004052,Piaski,17.10157,51.86782
3007022,Brzeziny,18.27069,51.58561
1427022,Gozdowo,19.69957,52.73301
3204052,Osina,14.99841,53.62068
3015063,Zbąszyń,15.95344,52.27059
2819022,Pozezdrze,21.86527,54.14724
605063,Modliborzyce,22.32680,50.75015
608032,Firlej,22.48618,51.56533
608063,Kock,22.42303,51.65299
609082,Konopnica,22.41794,51.21728
418102,Lubanie,18.90715,52.73540
2609033,Klimontów,21.44601,50.66081
2807052,Lubawa,19.78162,53.51285
3010062,Krzymów,18.36664,52.18234
2814023,Biskupiec,20.96685,53.86047
2815032,Grunwald,20.11740,53.52682
1407032,Gniewoszów,21.80138,51.47216
1411073,Różan,21.37778,52.89598
1201052,Łapanów,20.30485,49.86378
403032,Dobrcz,18.14411,53.26615
1215072,Stryszawa,19.48085,49.72006
3007042,Godziesze Wielkie,18.15568,51.65322
1434113,Tłuszcz,21.46530,52.42090
1611073,Zawadzkie,18.52460,50.58654
2005022,Białowieża,23.80756,52.71053
2007062,Przytuły,22.31047,53.37213
1607053,Nysa,17.35360,50.45760
216053,Przemków,15.82127,51.52118
414072,Osie,18.30494,53.62470
415082,Wielka Nieszawka,18.54764,52.95245
619052,Urszulin,23.18672,51.40684
1211132,Spytkowice,19.81350,49.57422
1609123,Tułowice,17.69981,50.59188
2403082,Hażlach,18.64959,49.81222
3204033,Maszewo,15.07310,53.51903
3021011,Luboń,16.87794,52.33922
3003062,Łubowo,17.42807,52.50661
402073,Jabłonowo Pomorskie,19.19771,53.38372
609092,Krzczonów,22.72233,51.00559
464011,Włocławek,19.05720,52.66095
1811083,Radomyśl Wielki,21.26706,50.19265
214011,Oleśnica,17.38316,51.20630
416032,Kęsowo,17.71654,53.56659
223022,Długołęka,17.21018,51.18518
404072,Unisław,18.37455,53.22356
407092,Złotniki Kujawskie,18.10671,52.90901
409012,Dąbrowa,17.94424,52.76344
415052,Łubianka,18.48522,53.13999
614032,Janowiec,21.88893,51.33767
615072,Ulan-Majorat,22.47185,51.83436
1001062,Rusiec,18.96465,51.31889
3215023,Barwice,16.34054,53.74943
3006032,Kotlin,17.64006,51.94183
2612033,Oleśnica,21.07140,50.45901
2809022,Kiwity,20.71994,54.10637
3010112,Stare Miasto,18.22639,52.15102
3031082,Złotów,17.03906,53.37556
1206022,Igołomia-Wawrzeńczyce,20.26877,50.10519
1402033,Glinojeck,20.35968,52.80752
1402082,Regimin,20.56741,52.95101
1607033,Korfantów,17.59997,50.48004
1211033,Czarny Dunajec,19.84672,49.43529
1211042,Czorsztyn,20.31117,49.44825
1211102,Ochotnica Dolna,20.30295,49.51736
2213112,Smętowo Graniczne,18.63499,53.72904
2804032,Gronowo Elbląskie,19.30145,54.09941
2805022,Ełk,22.34045,53.82331
412052,Skrwilno,19.60159,53.02944
414032,Drzycim,18.32830,53.50995
1005082,Łyszkowice,19.92422,51.98878
1016112,Żelechlinek,20.05138,51.71533
3209082,Świeszyno,16.18333,54.09059
3003032,Gniezno,17.63242,52.56995
210072,Siekierczyn,15.18965,51.11618
806052,Zwierzyn,15.56622,52.79916
418083,Izbica Kujawska,18.79952,52.39760
3021083,Kostrzyn,17.25598,52.37907
1410012,Huszlew,22.82598,52.11873
1413062,Stupsk,20.43462,53.00985
1216092,Tarnów,21.01031,49.99707
2203032,Człuchów,17.34299,53.67154
2209032,Lichnowy,18.89602,54.11115
2008032,Jaświły,22.95872,53.50273
3015012,Kuślin,16.31652,52.37505
3021123,Pobiedziska,17.24923,52.48601
2414042,Bojszowy,19.08365,50.05026
2808062,Srokowo,21.49461,54.22663
3010132,Wierzbinek,18.49439,52.44118
3031072,Zakrzewo,17.16908,53.40400
2814063,Jeziorany,20.73511,53.97853
2804042,Markusy,19.40277,54.04668
1810011,Łańcut,22.22486,50.07359
1603062,Reńska Wieś,18.09474,50.32955
223012,Czernica,17.25136,51.07807
1409063,Solec nad Wisłą,21.73255,51.11580
1411042,Krasnosielc,21.16318,53.05583
1201072,Rzezawa,20.53949,50.02125
1607082,Pakosławice,17.31608,50.54716
2404063,Koniecpol,19.70290,50.79880
606092,Rudnik,22.95315,50.86399
802063,Krosno Odrzańskie,15.06725,52.05610
2213122,Starogard Gdański,18.53884,53.97309
2216042,Stary Targ,19.17631,53.95260
2402062,Jaworze,18.94098,49.78204
414112,Warlubie,18.55103,53.61424
616022,Kłoczew,21.96992,51.73582
619032,Hańsk,23.41580,51.41263
2607022,Bałtów,21.57383,51.01739
2611042,Pawłów,21.08238,50.95583
2415041,Wodzisław Śląski,18.44741,50.00516
2804073,Pasłęk,19.68640,54.04737
1006032,Brójce,19.64549,51.66715
1409012,Chotcza,21.73311,51.24311
1201063,Nowy Wiśnicz,20.46914,49.90107
1429072,Sabnie,22.29925,52.49341
1416072,Ostrów Mazowiecka,21.87175,52.80798
3217052,Wałcz,16.43257,53.28910
2801043,Bisztynek,20.94026,54.08631
2803011,Działdowo,20.17808,53.24097
3201022,Białogard,15.97621,53.98681
1210022,Chełmiec,20.67858,49.65347
1211112,Raba Wyżna,19.87626,49.55980
1219022,Gdów,20.22348,49.92100
1435032,Rząśnik,21.39252,52.70481
1609132,Turawa,18.11111,50.75344
1419053,Drobin,19.95733,52.71752
2002143,Zabłudów,23.33470,53.01257
1813032,Fredropol,22.69052,49.65691
1205082,Ropa,21.06390,49.57680
1206032,Iwanowice,19.97207,50.22919
223052,Kobierzyce,16.92084,50.96924
202073,Niemcza,16.82196,50.71537
217022,Kondratowice,16.93730,50.76364
219063,Strzegom,16.34748,50.96464
264011,Wrocław,16.99608,51.12769
211043,Ścinawa,16.39306,51.39689
2407083,Woźniki,19.02638,50.59698
215042,Oława,17.30555,50.92896
214023,Bierutów,17.51152,51.13168
2462011,Bytom,18.87759,50.36360
1803032,Czarna,21.25379,50.07812
1812063,Rudnik nad Sanem,22.23686,50.44076
1814082,Tryńcza,22.54315,50.13067
1816102,Lubenia,21.96303,49.91316
1804082,Radymno,22.93501,49.95224
1807043,Jedlicze,21.64657,49.71418
3015032,Miedzichowo,15.98296,52.40095
802042,Dąbie,15.19226,51.99050
601032,Biała Podlaska,23.11202,52.03631
601102,Międzyrzec Podlaski,22.76288,52.01464
601122,Rokitno,23.32636,52.13085
3210013,Barlinek,15.18256,52.97049
1007083,Żarnów,20.14208,51.23731
612032,Karczmiska,22.00263,51.24180
609142,Wólka,22.69229,51.28372
3208022,Dygowo,15.74760,54.11851
220052,Zawonia,17.21887,51.33361
222022,Wińsko,16.59815,51.45135
209032,Krotoszyce,16.08795,51.15162
222013,Brzeg Dolny,16.72451,51.28707
218033,Miękinia,16.77714,51.18981
812033,Wschowa,16.29099,51.81768
1408032,Nieporęt,21.04968,52.41171
1414011,Nowy Dwór Mazowiecki,20.70031,52.43652
1020011,Głowno,19.72023,51.96298
1801032,Czarna,22.60815,49.30696
1808032,Kuryłówka,22.53574,50.31546
1811042,Gawłuszowice,21.39766,50.41023
1815022,Ostrów,21.61058,50.13986
2408031,Orzesze,18.78777,50.10349
1426042,Mokobody,22.13349,52.25985
2605072,Smyków,20.40396,51.07287
1819043,Strzyżów,21.78441,49.85617
407073,Pakość,18.10453,52.80138
2411022,Kornowac,18.32124,50.07375
1805082,Osiek Jasielski,21.45333,49.61515
2817052,Rozogi,21.33487,53.47412
3204073,Stepnica,14.61217,53.69809
3002073,Trzcianka,16.45747,53.04282
1811011,Mielec,21.46333,50.28778
1818062,Zaleszany,21.94040,50.63606
3003082,Niechanowo,17.66087,52.45100
2001011,Augustów,23.01024,53.84768
404052,Papowo Biskupie,18.56626,53.25740
1419082,Mała Wieś,20.09483,52.45315
1419142,Staroźreby,20.04101,52.63735
1422062,Krzynowłoga Mała,20.81667,53.15550
1014052,Burzenin,18.77654,51.44722
1015092,Słupia,19.96715,51.86018
1009013,Działoszyn,18.85041,51.11644
1018043,Lututów,18.46950,51.36157
2601013,Busko-Zdrój,20.75011,50.47770
2611053,Wąchock,20.99234,51.05105
3010043,Kleczew,18.13972,52.40081
3010052,Kramsk,18.40953,52.26111
1416102,Wąsewo,21.69976,52.85502
3021152,Suchy Las,16.87930,52.53336
3210022,Boleszkowice,14.55735,52.69220
3007053,Koźminek,18.33883,51.78866
3024083,Wronki,16.26273,52.72203
2804052,Milejewo,19.55624,54.20121
1814092,Zarzecze,22.51941,49.99017
2405063,Sośnicowice,18.50125,50.27537
2014011,Zambrów,22.24569,52.97726
2212011,Ustka,16.86016,54.57651
2213042,Bobowo,18.55252,53.87629
3001043,Margonin,17.10431,52.96252
2004032,Radziłów,22.44387,53.42450
1811073,Przecław,21.48984,50.20452
2406042,Miedźno,19.00810,50.98526
2013082,Sokoły,22.72945,53.01046
2211023,Jastarnia,18.60187,54.69399
1403021,Łaskarzew,21.59931,51.78384
1403103,Pilawa,21.54525,51.97348
1809053,Narol,23.28693,50.33576
1606032,Pokój,17.87373,50.92186
2212062,Kobylnica,16.95991,54.37146
3020022,Czermin,17.76503,51.97858
208143,Szczytna,16.43437,50.41036
210053,Olszyna,15.36089,51.05762
602112,Potok Górny,22.51440,50.39840
810032,Brzeźnica,15.41298,51.71760
2801021,Górowo Iławeckie,20.48945,54.28744
1406083,Nowe Miasto nad Pilicą,20.53042,51.62780
1021032,Dmosin,19.78705,51.90148
1005022,Bielawy,19.64825,52.07941
3025032,Nowe Miasto nad Wartą,17.39235,52.06250
2605052,Ruda Maleniecka,20.19509,51.14236
1424012,Gzy,20.91091,52.74127
1414043,Nasielsk,20.78192,52.56960
1402092,Sońsk,20.71172,52.76748
2604162,Raków,21.01268,50.69075
2604083,Łopuszno,20.25610,50.93912
2604192,Zagnańsk,20.65402,50.99192
1412093,Kałuszyn,21.82325,52.22208
1412123,Mrozy,21.86543,52.11869
1206132,Sułoszowa,19.75471,50.26170
2604143,Piekoszów,20.42226,50.87597
1404043,Sanniki,19.85335,52.32946
2210042,Stegna,19.06965,54.35327
2213093,Skarszewy,18.42566,54.07055
1007023,Drzewica,20.42590,51.45751
1204073,Szczucin,21.10822,50.29805
612023,Józefów nad Wisłą,21.90839,51.02005
1430012,Chlewiska,20.74232,51.23897
2216022,Mikołajki Pomorskie,19.19620,53.85304
2475011,Sosnowiec,19.19285,50.27617
2406013,Kłobuck,18.99209,50.90592
1814062,Przeworsk,22.48524,50.06329
2413031,Radzionków,18.90203,50.40258
3013062,Wijewo,16.20114,51.91054
2815073,Miłomłyn,19.81432,53.75193
1604032,Lasowice Wielkie,18.23617,50.87444
1864011,Tarnobrzeg,21.70708,50.58460
214083,Twardogóra,17.46827,51.37335
407033,Gniewkowo,18.42822,52.88234
411022,Bytoń,18.61930,52.56097
415062,Łysomice,18.62859,53.09756
3211033,Nowe Warpno,14.37181,53.69673
2604133,Nowa Słupia,21.07498,50.87109
1207092,Mszana Dolna,20.11513,49.65509
1208062,Racławice,20.21946,50.33157
1407012,Garbatka-Letnisko,21.63112,51.49218
1206162,Zabierzów,19.76306,50.11909
1207021,Mszana Dolna,20.07583,49.68244
2803062,Rybno,19.93762,53.36996
2404072,Konopiska,18.99432,50.72331
2405011,Knurów,18.66441,50.20543
1805053,Kołaczyce,21.48504,49.80684
1801083,Ustrzyki Dolne,22.58203,49.48724
2006032,Kolno,21.94387,53.42879
3214082,Marianowo,15.26274,53.38798
3208033,Gościno,15.66971,54.03008
3003023,Czerniejewo,17.50554,52.44060
208133,Stronie Śląskie,16.91060,50.26462
804052,Nowa Sól,15.79859,51.83328
602063,Goraj,22.70542,50.72765
206082,Podgórzyn,15.70599,50.81014
207022,Kamienna Góra,16.01744,50.75296
614102,Wąwolnica,22.12432,51.30357
614112,Żyrzyn,22.05788,51.50879
1210042,Grybów,20.94654,49.61232
1211072,Lipnica Wielka,19.58370,49.51329
1018062,Sokolniki,18.34510,51.31596
2215092,Szemud,18.24227,54.46927
417032,Książki,19.06692,53.32646
602032,Biłgoraj,22.67843,50.54349
602073,Józefów,23.05440,50.48907
1218022,Brzeźnica,19.62388,49.95097
1403073,Maciejowice,21.53982,51.70676
1426122,Wodynie,21.97825,52.03835
1811102,Wadowice Górne,21.25207,50.26812
2207062,Sadlinki,18.83651,53.65268
1002011,Kutno,19.37607,52.22579
1004022,Daszyna,19.15070,52.16071
1011043,Uniejów,18.79071,52.00493
1012082,Lgota Wielka,19.31658,51.14546
1015062,Maków,20.01826,51.95453
1008021,Pabianice,19.36404,51.65937
2612022,Łubnice,21.16729,50.39887
3209063,Polanów,16.63601,54.11626
3218013,Dobra,15.27165,53.56971
3008012,Baranów,18.00316,51.24371
2410012,Goczałkowice-Zdrój,18.89408,49.93249
3211012,Dobra (Szczecińska),14.38938,53.49174
224042,Stoszowice,16.68370,50.60125
403022,Dąbrowa Chełmińska,18.25433,53.17520
606011,Krasnystaw,23.16670,50.98707
801062,Santok,15.43889,52.74680
3030012,Kołaczkowo,17.65791,52.22533
2804093,Tolkmicko,19.49276,54.30068
2805052,Stare Juchy,22.18144,53.91076
1611012,Izbicko,18.16544,50.56479
211011,Lubin,16.19563,51.39968
215011,Oława,17.29061,50.94950
219011,Świdnica,16.49096,50.84417
2008052,Krypno,22.82696,53.27193
618082,Susiec,23.20451,50.42860
1013042,Rawa Mazowiecka,20.23423,51.78332
2215072,Luzino,18.09368,54.55178
2416093,Włodowice,19.45445,50.56158
2417062,Lipowa,19.07120,49.67030
3209073,Sianów,16.34830,54.23883
1427042,Rościszewo,19.76216,52.90935
1216153,Żabno,20.87607,50.14632
608022,Abramów,22.28528,51.46737
611032,Adamów,22.21124,51.71604
601052,Janów Podlaski,23.22568,52.19219
2611011,Starachowice,21.07911,51.04019
1409042,Rzeczniów,21.39392,51.12818
1021043,Jeżów,19.95398,51.78952
1432053,Łomianki,20.86991,52.34979
2416042,Kroczyce,19.60170,50.56520
2417102,Radziechowy-Wieprz,19.15673,49.63027
3028011,Wągrowiec,17.20233,52.80852
1416043,Brok,21.82414,52.71196
1601043,Lewin Brzeski,17.62920,50.75995
1601062,Olszanka,17.45886,50.78132
1605053,Zdzieszowice,18.11177,50.43322
212013,Gryfów Śląski,15.43717,51.04412
413043,Więcbork,17.44344,53.34970
207042,Marciszów,16.01930,50.85593
619011,Włodawa,23.52913,51.53972
1014102,Wróblew,18.58749,51.59741
1209062,Siepraw,19.99011,49.90236
1210032,Gródek nad Dunajcem,20.73544,49.75285
1406053,Grójec,20.89064,51.88005
1406062,Jasieniec,20.99198,51.80152
1403052,Górzno,21.71716,51.85175
1425063,Jedlnia-Letnisko,21.31664,51.41694
2011013,Dąbrowa Białostocka,23.31537,53.63863
2011093,Suchowola,23.12344,53.58353
2413021,Miasteczko Śląskie,18.95107,50.50426
2212022,Damnica,17.28357,54.49754
2212092,Smołdzino,17.26284,54.67872
2213102,Skórcz,18.53350,53.80736
3012063,Zduny,17.33920,51.66574
3214042,Dolice,15.20305,53.19570
402062,Bartniczka,19.56552,53.24149
803042,Pszczew,15.77727,52.48605
1608023,Gorzów Śląski,18.38866,51.03773
613022,Jabłoń,23.06708,51.70669
1002113,Żychlin,19.66678,52.23572
601042,Drelów,22.89733,51.92168
2605012,Fałków,20.06539,51.13289
2812052,Nowe Miasto Lubawskie,19.57732,53.46431
1201032,Drwinia,20.42762,50.08354
1804112,Wiązownica,22.80109,50.11787
1821052,Solina,22.41701,49.34373
2417132,Świnna,19.27868,49.66142
2604033,Chęciny,20.44202,50.78564
2805032,Kalinowo,22.64267,53.85245
411062,Radziejów,18.55374,52.62899
208011,Duszniki-Zdrój,16.38320,50.36921
810092,Żagań,15.35003,51.59483
1013011,Rawa Mazowiecka,20.25239,51.76122
1017093,Wieluń,18.59235,51.22457
3023022,Lądek,17.89419,52.21349
3210033,Dębno,14.72772,52.76893
1419023,Bodzanów,19.98328,52.49222
3206012,Banie,14.64586,53.09195
603142,Żmudź,23.68154,51.03459
605053,Janów Lubelski,22.38352,50.65689
802032,Bytnica,15.16874,52.16325
418052,Choceń,19.02592,52.49956
418072,Fabianki,19.10163,52.70850
602123,Tarnogród,22.75080,50.33025
3007083,Opatówek,18.22249,51.73918
3263011,Świnoujście,14.32562,53.85039
1407063,Magnuszew,21.35181,51.77101
3022013,Bojanowo,16.76467,51.69314
2415092,Mszana,18.54823,49.98108
2661011,Kielce,20.60895,50.86098
3007093,Stawiszyn,18.12539,51.93117
1261011,Kraków,19.98507,50.05316
2807021,Lubawa,19.75212,53.50494
1606023,Namysłów,17.70187,51.07064
415092,Zławieś Wielka,18.36608,53.09776
206041,Szklarska Poręba,15.46261,50.81879
616011,Dęblin,21.87356,51.57176
1407053,Kozienice,21.51393,51.59946
1815033,Ropczyce,21.56892,50.02783
1817052,Sanok,22.20194,49.58633
603113,Siedliszcze,23.16447,51.19943
401021,Ciechocinek,18.79935,52.88449
620142,Zamość,23.20661,50.70582
1213023,Brzeszcze,19.15338,49.97413
609013,Bełżyce,22.25621,51.16620
620153,Zwierzyniec,22.99884,50.61212
664011,Zamość,23.25863,50.72081
609162,Zakrzew,22.56452,50.89664
201052,Osiecznica,15.41626,51.39119
614052,Końskowola,22.07471,51.40520
2814093,Olsztynek,20.30894,53.57032
2812011,Nowe Miasto Lubawskie,19.58507,53.42333
1207122,Tymbark,20.31240,49.73125
610012,Cyców,23.13970,51.30636
3214113,Suchań,15.34811,53.28366
3007032,Ceków-Kolonia,18.28980,51.87161
1005072,Łowicz,19.90512,52.09709
1201042,Lipnica Murowana,20.51121,49.84813
1202052,Gnojnik,20.61708,49.89289
1406012,Belsk Duży,20.81088,51.81067
3027033,Dobra,18.65424,51.89641
2812042,Kurzętnik,19.52437,53.39185
1012011,Radomsko,19.43969,51.07466
1401022,Promna,20.90692,51.69293
1806012,Cmolas,21.69891,50.31815
1806052,Raniżów,21.99217,50.27620
1807012,Chorkówka,21.65428,49.64173
1609092,Popielów,17.73473,50.84753
1205102,Uście Gorlickie,21.16081,49.49143
212033,Lwówek Śląski,15.59667,51.11755
206021,Kowary,15.84071,50.78087
204043,Wąsosz,16.71335,51.56742
203042,Kotla,16.04206,51.73975
2412042,Lyski,18.37467,50.12084
2408021,Mikołów,18.85684,50.19013
205011,Jawor,16.18641,51.06817
1810042,Łańcut,22.24989,50.03959
3008063,Rychtal,17.89943,51.15691
2402072,Kozy,19.14031,49.83414
2004053,Szczuczyn,22.28398,53.56665
3262011,Szczecin,14.61416,53.43179
3205083,Trzebiatów,15.28291,54.07163
612072,Wilków,21.88660,51.25019
262011,Legnica,16.16750,51.20171
203032,Jerzmanowa,16.04406,51.59441
3022053,Rawicz,16.88432,51.61197
224053,Ząbkowice Śląskie,16.82994,50.59657
216062,Radwanice,15.93595,51.55662
1434093,Radzymin,21.16158,52.43128
1603022,Bierawa,18.31659,50.28504
2407042,Herby,18.83130,50.74162
1414052,Pomiechówek,20.74464,52.49346
1217052,Poronin,20.02059,49.30860
1219043,Niepołomice,20.24316,50.03838
1426022,Korczew,22.62459,52.35650
2610053,Suchedniów,20.83813,51.04571
2014032,Rutki,22.43809,53.10896
2213062,Lubichowo,18.37041,53.82716
2817062,Szczytno,21.03393,53.54454
3206053,Mieszkowice,14.45508,52.78118
3206092,Widuchowa,14.45886,53.11832
2006053,Stawiski,22.15557,53.36520
1604013,Byczyna,18.21024,51.10640
1818011,Stalowa Wola,22.03028,50.56207
1819022,Frysztak,21.57037,49.84466
811043,Jasień,15.04825,51.75929
403012,Białe Błota,17.90656,53.08738
608072,Lubartów,22.58687,51.44004
217043,Strzelin,17.07097,50.76887
1419153,Wyszogród,20.16923,52.42349
1017022,Czarnożyły,18.55307,51.28359
1215052,Jordanów,19.82241,49.65848
2214023,Gniew,18.78911,53.80202
2606062,Sadowie,21.35377,50.84438
1415102,Rzekuń,21.63000,53.05150
1001072,Szczerców,19.12449,51.32676
603022,Białopole,23.78467,50.96945
810043,Iłowa,15.20334,51.50878
611052,Łuków,22.34424,51.94172
3022042,Pakosław,17.04519,51.60094
3215033,Biały Bór,16.82842,53.87906
3215062,Szczecinek,16.69121,53.74581
3217043,Tuczno,16.14798,53.22125
3218023,Łobez,15.64542,53.64785
1609073,Niemodlin,17.57983,50.65112
1804021,Radymno,22.82744,49.95426
1804052,Laszki,22.91606,50.02508
2010032,Dziadkowice,22.91867,52.56188
2010072,Nurzec-Stacja,23.13402,52.44273
3212022,Kozielice,14.79127,53.08870
3204062,Przybiernów,14.82550,53.74276
3019053,Miasteczko Krajeńskie,17.01894,53.10771
3209042,Manowo,16.34821,54.10213
1427062,Szczutowo,19.56966,52.92495
1216032,Lisia Góra,21.06670,50.09052
1420032,Baboszewo,20.27252,52.71178
1812012,Harasiuki,22.46183,50.50025
2012022,Filipów,22.62489,54.18254
2211031,Puck,18.42534,54.72896
1205052,Lipinki,21.30286,49.66128
1434123,Wołomin,21.26675,52.34792
1601011,Brzeg,17.46375,50.85825
2005092,Narewka,23.77261,52.84880
1817082,Zarszyn,22.01027,49.56251
2213031,Starogard Gdański,18.52266,53.96813
3011053,Śmigiel,16.55296,52.00999
3204023,Goleniów,14.80438,53.54536
3014033,Międzychód,15.91001,52.58988
3015043,Nowy Tomyśl,16.14901,52.30943
3020033,Dobrzyca,17.62863,51.85327
3209022,Biesiekierz,16.01952,54.13192
605022,Chrzanów,22.60632,50.77924
608042,Jeziorzany,22.26717,51.61986
602022,Aleksandrów,22.89115,50.46971
603042,Dorohusk,23.73611,51.15083
3216011,Świdwin,15.79464,53.77875
1409053,Sienno,21.48995,51.09269
406043,Radzyń Chełmiński,18.93585,53.37921
1005011,Łowicz,19.93934,52.10460
1005062,Kocierzew Południowy,20.01546,52.20306
1012132,Wielgomłyny,19.77969,51.01199
612042,Łaziska,21.84801,51.15334
1007062,Poświętne,20.35552,51.52647
3021172,Tarnowo Podgórne,16.68589,52.44214
3021103,Mosina,16.88690,52.23627
3004023,Gostyń,16.97528,51.89457
2604043,Chmielnik,20.72127,50.60971
2604062,Górno,20.81793,50.86201
1412142,Stanisławów,21.53454,52.28559
1424032,Pokrzywnica,21.04760,52.60130
1203013,Alwernia,19.54160,50.06391
1424043,Pułtusk,21.07547,52.72858
1419132,Stara Biała,19.65182,52.61703
1419112,Słubice,19.91793,52.39564
2209042,Malbork,19.03702,54.05270
1812042,Krzeszów,22.37451,50.38736
2604053,Daleszyce,20.80325,50.77899
203011,Głogów,16.05017,51.66930
2215021,Rumia,18.38313,54.56692
2209073,Nowy Staw,19.06537,54.13022
2262011,Gdynia,18.61733,54.52868
2215062,Linia,17.97920,54.45815
3202012,Bierzwnik,15.68838,53.06053
2816033,Pisz,21.78155,53.60870
3018042,Kobyla Góra,17.80745,51.36843
3018052,Kraszewice,18.24378,51.50852
2007032,Miastkowo,21.80713,53.14271
223032,Jordanów Śląski,16.85606,50.85720
218012,Kostomłoty,16.63675,51.05615
415042,Lubicz,18.76444,53.04695
2608052,Złota,20.56769,50.38478
2609011,Sandomierz,21.75117,50.68034
1202023,Brzesko,20.61254,49.97612
1203022,Babice,19.42364,50.06042
3024022,Duszniki,16.44673,52.44376
2613022,Krasocin,20.10793,50.89907
3026023,Dolsk,17.08629,51.99232
3027082,Turek,18.50214,52.01442
2804022,Godkowo,19.91480,54.07558
3028053,Skoki,17.18487,52.65720
2402022,Bestwina,19.06202,49.91233
2402043,Czechowice-Dziedzice,18.96678,49.89857
2807043,Kisielice,19.26573,53.59659
1609103,Prószków,17.87496,50.57345
604032,Horodło,23.99788,50.90093
803032,Przytoczna,15.67792,52.57948
610022,Ludwin,22.95405,51.37483
810021,Żagań,15.30549,51.60960
2401081,Sławków,19.35072,50.29175
602132,Tereszpol,22.88614,50.55207
808053,Świebodzin,15.54519,52.25378
1216022,Gromnik,20.93801,49.84222
1219012,Biskupice,20.14765,49.96168
1427052,Sierpc,19.66259,52.83454
2002082,Poświętne,22.82400,52.90625
2002123,Tykocin,22.75828,53.18965
1817042,Komańcza,22.09091,49.31854
2202052,Konarzyny,17.38985,53.87343
2205012,Chmielno,18.05323,54.31626
1012053,Kamieńsk,19.47102,51.22425
1019023,Szadek,18.96757,51.70956
2602033,Małogoszcz,20.24611,50.79452
2606043,Opatów,21.41894,50.79042
2415011,Pszów,18.38772,50.04282
2808053,Reszel,21.17953,54.02344
3010032,Kazimierz Biskupi,18.14966,52.30989
3011011,Kościan,16.64538,52.08428
3023042,Ostrowite,18.01221,52.38349
2802011,Braniewo,19.82023,54.37687
3027073,Tuliszków,18.32559,52.06172
2802062,Płoskinia,19.91544,54.26095
3028033,Gołańcz,17.29978,52.96183
2014042,Szumowo,22.09927,52.90431
2817032,Jedwabno,20.74238,53.52007
3002011,Czarnków,16.56054,52.89910
3019073,Ujście,16.71038,53.03315
225033,Bogatynia,14.93676,50.93015
1611022,Jemielnica,18.39353,50.57219
1801052,Lutowiska,22.67211,49.15179
2006011,Kolno,21.93361,53.40169
1819012,Czudec,21.80589,49.93929
2404042,Kamienica Polska,19.13986,50.67472
2813043,Olecko,22.48827,54.03564
618102,Telatyn,23.87124,50.53041
1004072,Świnice Warckie,18.94134,52.04777
1011012,Dalików,19.10126,51.88752
1014072,Klonowa,18.42105,51.42814
1210102,Łososina Dolna,20.62942,49.73718
2401021,Czeladź,19.07720,50.31446
2603033,Kazimierza Wielka,20.48061,50.24981
2604153,Pierzchnica,20.78521,50.68314
3216022,Brzeżno,15.80022,53.70085
1425052,Jedlińsk,21.11928,51.52316
1426102,Suchożebry,22.28776,52.26287
2819033,Węgorzewo,21.67291,54.21578
606032,Gorzków,22.98262,50.95096
661011,Biała Podlaska,23.14202,52.03001
662011,Chełm,23.48361,51.13239
807023,Lubniewice,15.22815,52.52301
2415021,Radlin,18.47085,50.04313
2812032,Grodziczno,19.75679,53.38699
1411062,Płoniawy-Bramura,21.07143,52.96846
1434072,Klembów,21.32688,52.41167
3019083,Wyrzysk,17.27281,53.15201
3208072,Ustronie Morskie,15.74871,54.18557
603072,Leśniowice,23.50512,50.99726
603082,Rejowiec Fabryczny,23.15498,51.13282
1020031,Zgierz,19.39665,51.85803
3009063,Kłodawa,18.87792,52.27249
1602013,Baborów,17.97749,50.14766
218052,Udanin,16.45315,51.04938
221011,Boguszów-Gorce,16.20377,50.75154
414083,Pruszcz,18.20533,53.32926
617033,Piaski,22.80505,51.13449
1211023,Szczawnica,20.53689,49.42839
1218013,Andrychów,19.36395,49.82210
1814011,Przeworsk,22.49957,50.05467
3206063,Moryń,14.40424,52.85576
401052,Bądkowo,18.80053,52.71130
418032,Boniewo,18.88990,52.46047
1422052,Krasne,20.89288,52.92087
2003062,Orla,23.28964,52.67576
406062,Świecie nad Osą,19.12010,53.44649
408082,Tłuchowo,19.42765,52.75201
412032,Rogowo,19.40946,52.97790
1011062,Zadzim,18.89546,51.78549
3004042,Pępowo,17.11881,51.76066
1206143,Świątniki Górne,19.95942,49.94204
1401032,Radzanów,20.84846,51.55543
1425022,Gózd,21.34102,51.36992
1807062,Krościenko Wyżne,21.82906,49.67734
1437022,Kuczbork-Osada,20.04176,53.10690
1810072,Żołynia,22.31017,50.16001
2417022,Czernichów,19.19169,49.77891
2601033,Nowy Korczyn,20.81615,50.32130
3027011,Turek,18.50532,52.01594
1433053,Łochów,21.71739,52.55455
1415092,Olszewo-Borki,21.42589,53.07455
1416052,Małkinia Górna,22.00824,52.70274
1609083,Ozimek,18.22119,50.69192
411053,Piotrków Kujawski,18.49500,52.52303
206062,Jeżów Sudecki,15.73951,50.95673
614092,Puławy,21.89530,51.45345
1008042,Dobroń,19.24772,51.62505
1210052,Kamionka Wielka,20.83072,49.57834
1805112,Tarnowiec,21.56120,49.70368
1437042,Lutocin,19.77078,53.00033
1438042,Radziejowice,20.53855,52.01687
608082,Michów,22.33858,51.54293
611011,Łuków,22.38073,51.92909
419063,Żnin,17.70217,52.85739
1406113,Warka,21.14297,51.79573
2003011,Bielsk Podlaski,23.19088,52.76521
2208021,Łeba,17.56974,54.76314
2410053,Pszczyna,18.91527,49.98900
2815083,Morąg,19.92645,53.91590
2809032,Lidzbark Warmiński,20.51561,54.12328
3010142,Wilczyn,18.18142,52.46022
1218062,Spytkowice,19.51791,49.98585
1425033,Iłża,21.24607,51.16446
3026012,Brodnica,16.89214,52.15052
2805011,Ełk,22.36120,53.82135
2806052,Kruklanki,22.03949,54.09677
1417063,Osieck,21.42762,51.96302
1806062,Dzikowiec,21.89581,50.32531
2005062,Hajnówka,23.60137,52.71771
2007072,Śniadowo,21.96552,53.05807
406022,Gruta,18.94982,53.45292
406052,Rogóźno,18.93242,53.55431
415072,Obrowo,18.83877,52.97160
614043,Kazimierz Dolny,21.99275,51.32113
1811052,Mielec,21.45611,50.29429
2202023,Brusy,17.67539,53.90429
1814022,Adamówka,22.72144,50.26105
401092,Zakrzewo,18.62810,52.74143
603132,Wojsławice,23.55696,50.93073
606022,Fajsławice,22.94719,51.07258
1214012,Koniusza,20.21545,50.17732
2214043,Pelplin,18.73034,53.92699
609132,Wojciechów,22.24315,51.23616
418011,Kowal,19.14504,52.53268
611082,Stoczek Łukowski,22.01527,51.95311
3021072,Komorniki,16.80655,52.32807
1003023,Łask,19.11387,51.61335
1410052,Sarnaki,22.96438,52.29713
1413011,Mława,20.37362,53.13105
1434041,Zielonka,21.26425,52.28692
1608072,Zębowice,18.31831,50.77412
2612062,Rytwiany,21.23369,50.50849
1011052,Wartkowice,18.99855,51.97581
1008063,Lutomiersk,19.16214,51.77440
1413022,Dzierzgowo,20.63931,53.16735
1815043,Sędziszów Małopolski,21.71835,50.08554
1215021,Sucha Beskidzka,19.57779,49.73613
226052,Zagrodno,15.84683,51.20272
205023,Bolków,16.07353,50.91995
221072,Stare Bogaczowice,16.18395,50.83648
214073,Syców,17.64956,51.30220
2412052,Świerklany,18.57402,50.02917
2477011,Tychy,19.00263,50.12309
2463011,Chorzów,18.96106,50.29481
1816023,Błażowa,22.08122,49.87694
2461011,Bielsko-Biała,19.03890,49.81298
1820013,Baranów Sandomierski,21.59064,50.45925
810011,Gozdnica,15.08157,51.45370
801042,Kłodawa,15.26855,52.82939
802022,Bobrowice,15.05653,51.92901
803053,Skwierzyna,15.57206,52.65210
2473011,Rybnik,18.54422,50.10558
2007092,Zbójna,21.75953,53.26027
2002052,Juchnowiec Kościelny,23.15240,52.99745
601062,Kodeń,23.58343,51.92678
601152,Sosnówka,23.34274,51.75300
1016011,Tomaszów Mazowiecki,20.02027,51.52370
209052,Legnickie Pole,16.24457,51.14919
203052,Pęcław,16.25902,51.64525
216013,Chocianów,15.96095,51.40680
205032,Męcinka,16.06545,51.06239
213033,Milicz,17.29219,51.52424
1406032,Chynów,21.08503,51.89076
1817022,Besko,21.95348,49.59304
2410032,Miedźna,19.07971,49.99157
2010042,Grodzisk,22.75436,52.59537
1426012,Domanice,22.15536,52.03840
2476011,Świętochłowice,18.91083,50.29853
3202023,Choszczno,15.44779,53.17606
1216112,Wierzchosławice,20.84097,50.02713
1805011,Jasło,21.47076,49.74820
1602033,Głubczyce,17.78749,50.19836
408011,Lipno,19.17864,52.84443
620043,Krasnobród,23.20542,50.53549
1809063,Oleszyce,22.98712,50.14825
1861011,Krosno,21.75577,49.69124
811072,Przewóz,14.96508,51.48047
1002043,Krośniewice,19.17079,52.23687
1010042,Grabica,19.53818,51.47568
3003053,Kłecko,17.42641,52.61902
603062,Kamień,23.60699,51.09744
605012,Batorz,22.47882,50.86302
607023,Annopol,21.88755,50.89339
405011,Golub-Dobrzyń,19.05725,53.11128
1016042,Czerniewice,20.18898,51.65704
1016103,Ujazd,19.90977,51.60849
1210113,Muszyna,20.89757,49.36529
1422032,Czernice Borowe,20.75449,53.03962
1012142,Żytno,19.69091,50.92189
1017053,Osjaków,18.77674,51.27534
1210062,Korzenna,20.82978,49.69327
1213043,Kęty,19.24049,49.89891
1021022,Brzeziny,19.73390,51.81258
1207082,Łukowica,20.47534,49.62180
2602042,Nagłowice,20.13077,50.65726
2414011,Bieruń,19.13092,50.07988
2467011,Jastrzębie-Zdrój,18.61385,49.95507
2608043,Pińczów,20.54775,50.48611
2609072,Samborzec,21.63839,50.64610
2814102,Purda,20.64058,53.68137
3028072,Wągrowiec,17.20272,52.82877
1434063,Jadów,21.60862,52.48398
419023,Gąsawa,17.80063,52.76288
3023011,Słupca,17.87208,52.29166
3023072,Strzałkowo,17.79166,52.32348
3025052,Zaniemyśl,17.18434,52.15965
3027022,Brudzew,18.61331,52.08653
2804063,Młynary,19.69476,54.20111
3009022,Babiak,18.69168,52.34817
1609052,Łubniany,18.00235,50.79048
2409032,Niegowa,19.50730,50.64582
2011062,Nowy Dwór,23.52090,53.65319
2011083,Sokółka,23.49128,53.38942
2211062,Krokowa,18.11015,54.78151
3017052,Przygodzice,17.82299,51.55543
3207013,Dziwnów,14.77318,54.01792
3002022,Czarnków,16.57227,52.92597
3003011,Gniezno,17.60156,52.52782
1419092,Nowy Duninów,19.49244,52.54669
1420062,Joniec,20.56883,52.58939
1422011,Przasnysz,20.88259,53.01945
1813013,Bircza,22.43451,49.68835
1813023,Dubiecko,22.38238,49.81726
1814043,Jawornik Polski,22.30903,49.91292
2407022,Boronów,18.91610,50.67849
2013102,Wysokie Mazowieckie,22.48610,52.93074
2403062,Dębowiec,18.72193,49.79882
2403103,Skoczów,18.79384,49.81866
2403011,Cieszyn,18.64878,49.75713
1403062,Łaskarzew,21.57993,51.80013
1216133,Wojnicz,20.80798,49.94883
1437033,Lubowidz,19.80931,53.11989
1438032,Puszcza Mariańska,20.33492,51.98160
1610032,Lubrza,17.64875,50.32174
1807092,Wojaszówka,21.70019,49.77622
1605033,Strzeleczki,17.83760,50.46127
3208052,Rymań,15.51467,53.95394
607102,Zakrzówek,22.40221,50.93487
3216042,Rąbino,15.93056,53.85615
3217033,Mirosławiec,16.14155,53.33956
3005012,Granowo,16.54474,52.23315
3023062,Słupca,17.93619,52.28848
407022,Dąbrowa Biskupia,18.48860,52.77904
407042,Inowrocław,18.27650,52.79319
1006022,Andrespol,19.65023,51.71917
1418023,Konstancin-Jeziorna,21.14779,52.08446
1420083,Nowe Miasto,20.64685,52.65649
2612083,Szydłów,20.98587,50.61036
1412043,Cegłów,21.73078,52.12730
1412151,Sulejówek,21.27975,52.24351
3012033,Koźmin Wielkopolski,17.42145,51.83743
605042,Godziszów,22.49104,50.77285
2204011,Pruszcz Gdański,18.64719,54.25712
1209073,Sułkowice,19.80809,49.84084
1423063,Przysucha,20.61084,51.34057
1807023,Dukla,21.68009,49.50870
203022,Głogów,16.13666,51.67091
2205062,Stężyca,17.98560,54.22921
2204072,Suchy Dąb,18.77666,54.19880
2206011,Kościerzyna,17.98495,54.11974
2208042,Nowa Wieś Lęborska,17.69392,54.56860
2007082,Wizna,22.35266,53.19693
3018022,Doruchów,18.09282,51.40984
413023,Sępólno Krajeńskie,17.52915,53.45258
415011,Chełmża,18.60791,53.18786
415032,Czernikowo,18.96548,52.91127
202041,Piława Górna,16.75593,50.68294
2604123,Morawica,20.61967,50.73943
2609043,Koprzywnica,21.57559,50.59714
2415031,Rydułtowy,18.42773,50.06666
2811022,Janowo,20.67380,53.35067
1411092,Sypniewo,21.28319,52.99602
1206052,Kocmyrzów-Luborzyca,20.11285,50.15341
3025043,Środa Wielkopolska,17.30297,52.23256
1429011,Sokołów Podlaski,22.23587,52.40887
1611063,Ujazd,18.32992,50.42969
3212012,Bielice,14.74825,53.20346
2818033,Gołdap,22.31200,54.26556
3020042,Gizałki,17.85096,52.05297
804073,Otyń,15.68891,51.85775
3007062,Lisków,18.39401,51.84560
1813042,Krasiczyn,22.62871,49.74481
615022,Borki,22.49660,51.72939
620052,Łabunie,23.35846,50.65548
1214062,Radziemice,20.20905,50.26335
804032,Kolsko,15.93725,51.96282
417022,Dębowa Łąka,19.06093,53.22846
462011,Grudziądz,18.77344,53.47218
3215011,Szczecinek,16.69533,53.70426
1403011,Garwolin,21.62200,51.89695
1216122,Wietrzychowice,20.73730,50.18667
2004022,Grajewo,22.51705,53.57704
1817062,Tyrawa Wołoska,22.36244,49.58643
2207011,Kwidzyn,18.93741,53.71694
1012032,Gidle,19.49585,50.95348
2216013,Dzierzgoń,19.31154,53.95120
2416032,Irządze,19.68275,50.62260
2604182,Strawczyn,20.42196,50.94337
2811032,Kozłowo,20.29346,53.33734
3005053,Wielichowo,16.37356,52.10829
2404123,Olsztyn,19.28307,50.73932
2010062,Milejczyce,23.13923,52.52802
2813062,Wieliczki,22.60022,53.97113
3013033,Osieczna,16.70816,51.90945
3014012,Chrzypsko Wielkie,16.23453,52.61277
2862011,Olsztyn,20.47416,53.78173
3019043,Łobżenica,17.29289,53.27275
3021062,Kleszczewo,17.14800,52.32532
603102,Sawin,23.44891,51.28984
607062,Szastarka,22.34434,50.84275
2806042,Giżycko,21.74180,54.03711
408043,Dobrzyń nad Wisłą,19.30694,52.67169
2404102,Mstów,19.32218,50.82275
2406072,Popów,18.93401,51.03389
2008022,Jasionówka,23.03312,53.39215
2403113,Strumień,18.73185,49.88504
1020062,Ozorków,19.30349,51.99082
2413072,Świerklaniec,18.94054,50.44793
2604012,Bieliny,20.95841,50.83493
2613042,Radków,19.98825,50.70881
1420092,Płońsk,20.38888,52.61723
3013012,Krzemieniewo,16.81087,51.85799
3211043,Police,14.47846,53.58116
3206072,Stare Czarnowo,14.73240,53.30276
801022,Bogdaniec,15.09408,52.68379
418063,Chodecz,19.02011,52.39718
3201011,Białogard,15.97888,54.00533
2814122,Świątki,20.23568,53.92902
1208053,Miechów,20.05574,50.34976
1410023,Łosice,22.73751,52.21946
1411102,Szelków,21.16970,52.81853
1205033,Bobowa,20.94809,49.70965
3021052,Dopiewo,16.69894,52.36503
3213011,Darłowo,16.40880,54.42472
3213062,Sławno,16.71580,54.34867
3208011,Kołobrzeg,15.58948,54.17688
225021,Zgorzelec,15.01577,51.14646
2214052,Subkowy,18.76420,54.00289
2603012,Bejsce,20.60089,50.23309
2417142,Ujsoły,19.15976,49.46522
1430053,Szydłowiec,20.84915,51.23060
1415062,Lelis,21.56828,53.16798
1805032,Dębowiec,21.41161,49.64964
2005011,Hajnówka,23.56893,52.73549
1607042,Łambinowice,17.52842,50.53928
1862011,Przemyśl,22.77714,49.78058
410013,Kcynia,17.47305,53.01520
1401042,Stara Błotnica,20.99718,51.55526
2202043,Czersk,17.91500,53.79495
2011032,Korycin,23.12430,53.43461
2014052,Zambrów,22.19406,52.98514
2403072,Goleszów,18.73017,49.72651
3017072,Sieroszewice,18.03906,51.60366
3212062,Warnice,14.98405,53.22514
3213042,Malechowo,16.56434,54.27049
3207033,Kamień Pomorski,14.80873,53.93841
3209033,Bobolice,16.55225,53.98079
604072,Uchanie,23.69123,50.89498
607032,Dzierzkowice,22.07177,50.95244
609022,Borzechów,22.27342,51.07052
417042,Płużnica,18.79151,53.32070
419052,Rogowo,17.67924,52.70602
1427072,Zawidz,19.87691,52.81815
1422072,Przasnysz,20.92728,53.02547
2003021,Brańsk,22.83911,52.76289
411011,Radziejów,18.53015,52.61855
414052,Lniano,18.19720,53.50913
415022,Chełmża,18.64889,53.19120
618053,Lubycza Królewska,23.56881,50.34102
1004032,Góra Świętej Małgorzaty,19.32261,52.06495
1012022,Dobryszyce,19.41333,51.14528
1012102,Masłowice,19.76701,51.10828
809013,Babimost,15.80088,52.15725
611062,Serokomla,22.31644,51.68988
2809042,Lubomino,20.25337,54.05555
2810023,Mikołajki,21.58508,53.81554
3010073,Rychwał,18.15214,52.06655
1201011,Bochnia,20.43142,49.96950
1205011,Gorlice,21.16880,49.66461
1413032,Lipowiec Kościelny,20.21413,53.10495
1413092,Wieczfnia Kościelna,20.48575,53.18875
2007052,Piątnica,22.17070,53.21378
1808011,Leżajsk,22.41914,50.26562
1607022,Kamiennik,17.15581,50.56436
2002073,Michałowo,23.68938,53.00586
1211092,Nowy Targ,20.07189,49.48356
2603053,Skalbmierz,20.39720,50.31186
1608062,Rudniki,18.60633,51.02634
1804011,Jarosław,22.67329,50.03586
413013,Kamień Krajeński,17.51779,53.54279
201011,Bolesławiec,15.56110,51.26070
201043,Nowogrodziec,15.36734,51.21390
618112,Tomaszów Lubelski,23.43150,50.45482
1010113,Wolbórz,19.84411,51.48744
1014062,Goszczanów,18.50637,51.79107
1015032,Godzianów,20.04686,51.89170
1017072,Pątnów,18.64769,51.10998
1601022,Skarbimierz,17.45291,50.84839
3019062,Szydłowo,16.63187,53.19579
3021042,Czerwonak,17.01782,52.50446
3214011,Stargard,15.01370,53.31718
223092,Żórawina,17.03936,50.96069
403052,Nowa Wieś Wielka,18.09261,52.99863
604082,Werbkowice,23.75279,50.72433
463011,Toruń,18.61891,53.02111
1405052,Jaktorów,20.51825,52.07659
1216162,Szerzyny,21.23167,49.81766
2002112,Turośń Kościelna,23.01291,53.03093
2406023,Krzepice,18.70131,50.96569
2013033,Czyżew,22.35185,52.82526
2411053,Kuźnia Raciborska,18.37728,50.20601
3018073,Ostrzeszów,17.90202,51.43743
3022033,Miejska Górka,16.99101,51.67348
2814072,Jonkowo,20.26600,53.82446
1413072,Szreńsk,20.14307,53.01688
1414032,Leoncin,20.51382,52.36383
2801011,Bartoszyce,20.80702,54.25281
1432063,Ożarów Mazowiecki,20.76346,52.21734
1417021,Otwock,21.29166,52.11536
1419032,Brudzeń Duży,19.50661,52.64877
406012,Grudziądz,18.77588,53.46798
406033,Łasin,19.10149,53.53382
407063,Kruszwica,18.36620,52.64746
410053,Szubin,17.71736,53.01198
201022,Bolesławiec,15.57422,51.30857
1412063,Dobre,21.68259,52.32892
1202072,Szczurowa,20.62637,50.12459
1204023,Dąbrowa Tarnowska,21.02271,50.17116
2002093,Supraśl,23.34738,53.19114
2004011,Grajewo,22.45506,53.64011
1817032,Bukowsko,22.05627,49.47119
1019042,Zduńska Wola,18.91974,51.62827
2402011,Szczyrk,19.00813,49.69932
2402093,Wilamowice,19.13888,49.91007
805053,Słubice,14.62898,52.36026
807012,Krzeszyce,15.06637,52.58209
416012,Cekcyn,18.04650,53.57586
208083,Lądek-Zdrój,16.83733,50.34889
616032,Nowodwór,22.10387,51.66284
3010013,Golina,18.10023,52.24311
3031053,Okonek,16.82749,53.53150
2417042,Jeleśnia,19.33162,49.60187
2609062,Obrazów,21.61453,50.69816
619042,Stary Brus,23.27254,51.49443
1201022,Bochnia,20.40880,49.98008
1204042,Mędrzechów,20.96771,50.27897
1432072,Stare Babice,20.79310,52.26344
1416092,Szulborze Wielkie,22.24368,52.75901
3027092,Władysławów,18.44791,52.11589
2802033,Frombork,19.69166,54.33833
3009092,Olszówka,18.86014,52.18012
1011022,Pęczniew,18.74085,51.81010
1012072,Kodrąb,19.61465,51.09986
1420072,Naruszewo,20.33924,52.51919
1811092,Tuszów Narodowy,21.50981,50.37011
1411052,Młynarze,21.40151,52.96647
1204012,Bolesław,20.88336,50.27076
1206152,Wielka Wieś,19.82708,50.15493
206052,Janowice Wielkie,15.90389,50.89227
219021,Świebodzice,16.33275,50.87157
221031,Szczawno-Zdrój,16.23660,50.79664
217012,Borów,17.00671,50.86471
2413092,Zbrosławice,18.71561,50.41178
2401052,Mierzęcice,19.13716,50.44310
216032,Grębocice,16.20162,51.58041
224073,Złoty Stok,16.84326,50.44765
2469011,Katowice,19.02314,50.21802
3013052,Święciechowa,16.47780,51.83199
2407062,Koszęcin,18.83596,50.62576
1803052,Jodłowa,21.29683,49.87730
261011,Jelenia Góra,15.70814,50.87094
2210011,Krynica Morska,19.50287,54.38132
1816042,Chmielnik,22.15710,49.97491
1602043,Kietrz,17.94451,50.05874
1816052,Dynów,22.22939,49.82143
1804092,Rokietnica,22.62624,49.88633
1810032,Czarna,22.17063,50.12157
408073,Skępe,19.37230,52.87289
2802022,Braniewo,19.88978,54.37948
2807063,Susz,19.37792,53.72179
3204043,Nowogard,15.11375,53.69272
1016082,Rzeczyca,20.30794,51.60879
3212053,Pyrzyce,14.90515,53.15095
209042,Kunice,16.27154,51.23737
217032,Przeworno,17.16781,50.67871
224013,Bardo,16.74851,50.51143
1421052,Nadarzyn,20.79500,52.06922
1421042,Michałowice,20.85069,52.15200
1418013,Góra Kalwaria,21.17642,51.97622
2214011,Tczew,18.78199,54.08952
2602063,Sędziszów,20.04723,50.55810
1610043,Prudnik,17.52342,50.33806
2005042,Czyże,23.42723,52.80121
2005073,Kleszczele,23.33180,52.58272
1807083,Rymanów,21.87076,49.54570
1605042,Walce,17.99432,50.38965
2209011,Malbork,19.03749,54.03024
2408052,Wyry,18.90104,50.11637
1218033,Kalwaria Zebrzydowska,19.67439,49.88507
1218072,Stryszów,19.62832,49.82804
2404013,Blachownia,18.94304,50.79109
2404022,Dąbrowa Zielona,19.56293,50.85226
2411082,Rudnik,18.17220,50.15577
3012052,Rozdrażew,17.52140,51.78440
208051,Polanica-Zdrój,16.50146,50.39945
3203052,Wierzchowo,16.16318,53.44047
3001023,Budzyń,16.93618,52.88618
3021033,Buk,16.54324,52.34701
3212042,Przelewice,15.10502,53.11267
1603032,Cisek,18.20227,50.24716
1819052,Wiśniowa,21.65790,49.88305
1001022,Bełchatów,19.38215,51.33808
3213032,Darłowo,16.43563,54.38748
223083,Siechnice,17.13930,51.02899
402082,Osiek,19.40118,53.15330
605072,Potok Wielki,22.21578,50.75867
407053,Janikowo,18.09222,52.72590
407082,Rojewo,18.28874,52.92393
1014093,Warta,18.65887,51.72230
1017102,Wierzchlas,18.72023,51.17259
1212062,Trzyciąż,19.79525,50.30406
1210073,Krynica-Zdrój,20.99064,49.43384
2416021,Zawiercie,19.47421,50.49829
2603043,Opatowiec,20.68094,50.26594
2609093,Zawichost,21.79560,50.82744
2809053,Orneta,20.14226,54.13772
2811012,Janowiec Kościelny,20.52548,53.27903
1433092,Wierzbno,21.85073,52.31838
1434011,Kobyłka,21.19337,52.33786
411042,Osięciny,18.72492,52.64573
620022,Grabowiec,23.54604,50.83162
810073,Szprotawa,15.59150,51.58332
811011,Łęknica,14.75229,51.54163
602053,Frampol,22.73306,50.65913
3023083,Zagórów,17.89775,52.13616
3028022,Damasławek,17.44312,52.84046
2803043,Lidzbark,19.83103,53.24662
3008042,Łęka Opatowska,18.11822,51.21425
1608052,Radłów,18.53288,50.94493
2405052,Rudziniec,18.46846,50.37336
2407072,Pawonków,18.57226,50.67165
2009042,Puńsk,23.23087,54.22755
2413041,Tarnowskie Góry,18.83544,50.46349
2211043,Władysławowo,18.37499,54.79237
3020052,Gołuchów,17.93370,51.83092
3214053,Ińsko,15.55290,53.43919
1216063,Ryglice,21.17154,49.89534
1420021,Raciąż,20.11826,52.78436
2409011,Myszków,19.32929,50.56238
2010023,Drohiczyn,22.64101,52.45938
2013093,Szepietowo,22.55802,52.84152
2201012,Borzytuchom,17.36465,54.20406
1423032,Klwów,20.64219,51.52520
1816072,Hyżne,22.19152,49.91082
2207032,Kwidzyn,18.96251,53.76106
1461011,Ostrołęka,21.59484,53.08209
1464011,Siedlce,22.27123,52.16506
1810052,Markowa,22.28666,49.98801
2814013,Barczewo,20.71508,53.83715
208123,Radków,16.44165,50.50499
608122,Serniki,22.72419,51.43567
804011,Nowa Sól,15.71346,51.80050
419043,Łabiszyn,17.89812,52.95921
602143,Turobin,22.73843,50.81856
3217011,Wałcz,16.45558,53.27217
2001043,Lipsk,23.44752,53.75296
214062,Oleśnica,17.43663,51.21272
1408043,Serock,21.01181,52.51230
1010012,Aleksandrów,19.97008,51.26979
3004013,Borek Wielkopolski,17.22217,51.90894
2609052,Łoniów,21.51887,50.56083
2606023,Iwaniska,21.27976,50.71999
2601022,Gnojno,20.86931,50.58270
1404032,Pacyna,19.71015,52.29957
1424072,Zatory,21.19365,52.62462
1424062,Winnica,20.93153,52.63602
2604092,Masłów,20.72440,50.91485
1412133,Siennica,21.62274,52.08249
1412082,Jakubów,21.68679,52.23743
1412112,Mińsk Mazowiecki,21.57415,52.17300
1412052,Dębe Wielkie,21.45916,52.20817
1206103,Skała,19.87180,50.22301
1425122,Wolanów,20.95297,51.38087
3021143,Stęszew,16.66821,52.26331
612063,Poniatowa,22.09848,51.20960
1404052,Szczawin Kościelny,19.59682,52.35059
1414022,Czosnów,20.69779,52.37044
3212033,Lipiany,14.97233,53.03255
2204022,Cedry Wielkie,18.85427,54.25993
2206072,Nowa Karczma,18.18327,54.13774
1811032,Czermin,21.29481,50.32722
1423023,Gielniów,20.49664,51.38319
2416102,Żarnowiec,19.84295,50.49700
3209053,Mielno,16.05435,54.25739
1408022,Jabłonna,20.87198,52.39552
2207043,Prabuty,19.19733,53.75938
2215052,Gniewino,18.00690,54.69141
2209082,Stare Pole,19.18797,54.05399
2212082,Redzikowo,17.03602,54.49007
2012032,Jeleniewo,22.89632,54.21709
2411042,Krzyżanowice,18.25620,49.98951
3013022,Lipno,16.56457,51.91756
3013072,Włoszakowice,16.37736,51.92608
1808053,Nowa Sarzyna,22.29716,50.32153
221042,Czarny Bór,16.13165,50.76885
1406022,Błędów,20.66664,51.79423
2806011,Giżycko,21.76585,54.03429
2410022,Kobiór,18.94836,50.07029
1433032,Korytnica,21.81357,52.42233
1609042,Komprachcice,17.80959,50.62839
1435042,Somianka,21.26581,52.57083
3206083,Trzcińsko-Zdrój,14.62669,52.92294
3208062,Siemyśl,15.53567,54.04775
608112,Ostrówek,22.59549,51.59554
618063,Łaszczów,23.71866,50.52894
618092,Tarnawatka,23.39663,50.52491
618132,Ulhówek,23.81120,50.43964
1207052,Kamienica,20.29608,49.58974
1213033,Chełmek,19.25363,50.08424
1213052,Osiek,19.29018,49.94440
2402032,Buczkowice,19.08592,49.72536
609112,Niemce,22.55503,51.34518
1403082,Miastków Kościelny,21.82618,51.89156
1216042,Pleśna,20.91370,49.91501
1217022,Biały Dunajec,20.01040,49.36687
2206082,Stara Kiszewa,18.14260,53.98789
1006073,Koluszki,19.83121,51.72629
2215082,Łęczyce,17.92068,54.57683
2814112,Stawiguda,20.43735,53.65854
3005043,Rakoniewice,16.22033,52.17281
3218053,Węgorzyno,15.53151,53.54646
2211011,Hel,18.74968,54.62258
3002052,Lubasz,16.49702,52.81862
3002083,Wieleń,16.23647,52.89049
3003042,Kiszkowo,17.29392,52.58202
1802022,Domaradz,22.00001,49.79002
1605013,Gogolin,18.03505,50.50746
1820022,Gorzyce,21.82905,50.65829
405062,Zbójno,19.12109,53.00978
408023,Bobrowniki,19.00076,52.78113
410033,Nakło nad Notecią,17.63637,53.14336
411032,Dobre,18.58568,52.68909
2404082,Kruszyna,19.30643,50.98792
2403092,Istebna,18.90620,49.56017
619062,Włodawa,23.52602,51.52913
811052,Lipinki Łużyckie,14.97954,51.63544
1002072,Łanięta,19.27386,52.34266
2607053,Kunów,21.30630,50.97981
611112,Wola Mysłowska,21.97955,51.85527
3210052,Nowogródek Pomorski,15.06524,52.89805
3024053,Ostroróg,16.43202,52.62710
1217011,Zakopane,19.97462,49.27468
3014043,Sieraków,16.05971,52.66150
607072,Trzydnik Duży,22.15192,50.85373
611021,Stoczek Łukowski,21.95800,51.95861
3010082,Rzgów,18.07971,52.15469
1409033,Lipsko,21.61530,51.15187
1063011,Skierniewice,20.15589,51.95954
1207011,Limanowa,20.41384,49.71383
1207032,Dobra,20.22022,49.69785
1428032,Iłów,20.03627,52.32815
1430023,Jastrząb,20.95992,51.24166
603153,Rejowiec,23.29431,51.10241
2602093,Wodzisław,20.22809,50.52116
2474011,Siemianowice Śląskie,19.02667,50.31336
2607011,Ostrowiec Świętokrzyski,21.39894,50.94613
3009011,Koło,18.62967,52.20161
2806083,Ryn,21.57278,53.93909
1429092,Sterdyń,22.32946,52.57938
1432042,Leszno,20.60530,52.27555
1802042,Haczów,21.93012,49.66279
1802052,Jasienica Rosielna,21.94633,49.74659
1463011,Radom,21.15658,51.40622
1610023,Głogówek,17.86574,50.34158
1810062,Rakszawa,22.22904,50.18256
1604043,Wołczyn,18.04038,51.04186
1821012,Baligród,22.27627,49.32077
1821042,Olszanica,22.44516,49.48284
414042,Jeżewo,18.48912,53.52872
208031,Kudowa-Zdrój,16.25871,50.45020
208072,Kłodzko,16.65517,50.43189
1002033,Dąbrowice,19.08659,52.30567
1010052,Łęki Szlacheckie,19.76920,51.19967
1015082,Skierniewice,20.15809,51.95091
1212032,Bolesław,19.47290,50.30260
2203072,Rzeczenica,17.02513,53.77745
2011043,Krynki,23.76845,53.21742
2213072,Osieczna,18.20847,53.78547
3017082,Sośnie,17.63626,51.46897
3207063,Wolin,14.62694,53.87114
604052,Mircze,23.91083,50.64248
802011,Gubin,14.73723,51.95540
804043,Kożuchów,15.57091,51.75863
805043,Rzepin,14.78110,52.36420
1423012,Borkowice,20.69162,51.30194
412022,Brzuze,19.26586,53.05041
620032,Komarów-Osada,23.50595,50.63755
1009022,Kiełczygłów,18.96507,51.24519
602082,Księżpol,22.77041,50.42396
809092,Zabór,15.69850,51.94311
2608032,Michałów,20.40898,50.48892
3030033,Nekla,17.42972,52.34619
1206172,Zielonki,19.93676,50.13903
1217042,Kościelisko,19.84701,49.26725
1805072,Nowy Żmigród,21.53237,49.59234
1807033,Iwonicz-Zdrój,21.77796,49.56720
2001072,Sztabin,23.10627,53.71991
1212042,Klucze,19.56759,50.36607
613062,Siemień,22.76581,51.62303
617042,Rybczewice,22.85250,51.02323
1001052,Kluki,19.23651,51.34184
1012042,Gomunice,19.52025,51.15552
1207062,Laskowa,20.49927,49.75914
1435012,Brańszczyk,21.60085,52.66154
1601052,Lubsza,17.55514,50.92232
3214092,Stara Dąbrowa,15.13499,53.43943
620133,Szczebrzeszyn,23.01359,50.69621
805033,Ośno Lubuskie,14.90510,52.45448
611102,Wojcieszków,22.33714,51.77977
3004063,Pogorzela,17.25433,51.81260
2613052,Secemin,19.84323,50.76327
1402011,Ciechanów,20.61735,52.86992
2201063,Miastko,16.99869,54.04255
2203023,Czarne,17.00393,53.65259
2206022,Dziemiany,17.78476,54.01285
2011102,Szudziałowo,23.61662,53.29156
2403122,Zebrzydowice,18.61240,49.86487
2212032,Dębnica Kaszubska,17.27257,54.35021
2818022,Dubeninki,22.61385,54.30923
3018012,Czajków,18.32030,51.47644
3018033,Grabów nad Prosną,18.10653,51.48008
1802062,Nozdrzec,22.15430,49.76556
1819032,Niebylec,21.91739,49.84534
221053,Głuszyca,16.36597,50.67609
221063,Mieroszów,16.21282,50.68201
409033,Mogilno,17.96842,52.64085
414012,Bukowiec,18.24800,53.42402
1208072,Słaboszów,20.23699,50.38243
1407042,Grabów nad Pilicą,21.23234,51.72528
1423072,Rusinów,20.59617,51.44372
2003072,Rudka,22.71232,52.72322
1811062,Padew Narodowa,21.49536,50.43823
401072,Raciążek,18.81414,52.84815
607052,Kraśnik,22.25146,50.90928
1019011,Zduńska Wola,18.95575,51.59221
1019032,Zapolice,18.91382,51.53391
609033,Bychawa,22.54127,50.99738
609042,Garbów,22.34664,51.36926
615042,Kąkolewnica,22.66653,51.90349
618011,Tomaszów Lubelski,23.42745,50.44961
3031033,Krajenka,16.93967,53.25310
2814042,Dywity,20.49276,53.87563
2815063,Miłakowo,20.07416,53.98906
602042,Biszcza,22.62850,50.41896
809043,Kargowa,15.85904,52.06020
612012,Chodel,22.15085,51.09479
3021163,Swarzędz,17.10089,52.42997
620092,Sitno,23.39565,50.74322
1002052,Krzyżanów,19.44284,52.16430
1005102,Zduny,19.78320,52.16763
1202012,Borzęcin,20.71009,50.06055
1206092,Mogilany,19.89458,49.94541
1433022,Grębków,21.96060,52.26388
1434031,Ząbki,21.11587,52.29299
1414063,Zakroczym,20.59165,52.46305
1208043,Książ Wielki,20.14970,50.43979
1010102,Wola Krzysztoporska,19.55650,51.35983
1017012,Biała,18.43000,51.26537
1806032,Majdan Królewski,21.77435,50.39225
1816063,Głogów Małopolski,21.96582,50.17164
1209042,Pcim,19.93658,49.77393
1407023,Głowaczów,21.32203,51.61679
212043,Mirsk,15.39973,50.91992
223062,Mietków,16.65441,50.96843
224022,Ciepłowody,16.92255,50.66667
202062,Łagiewniki,16.78213,50.79649
219052,Marcinowice,16.62741,50.87965
202033,Pieszyce,16.55294,50.70538
2478011,Zabrze,18.78684,50.31565
203062,Żukowice,15.94210,51.67024
2412022,Gaszowice,18.42122,50.09694
2408042,Ornontowice,18.75473,50.18337
2401062,Psary,19.12405,50.38581
1804032,Chłopice,22.70189,49.93984
1808022,Grodzisko Dolne,22.44467,50.16449
1804102,Roźwienica,22.57470,49.92149
2412013,Czerwionka-Leszczyny,18.66887,50.13440
2002013,Choroszcz,22.94726,53.12824
601192,Zalesie,23.41130,52.05738
3216033,Połczyn-Zdrój,16.08718,53.76013
1007013,Białaczów,20.30088,51.29661
1007072,Sławno,20.14425,51.40045
221082,Walim,16.41335,50.72966
220023,Prusice,16.91615,51.38317
220063,Żmigród,16.92912,51.48948
222033,Wołów,16.60116,51.33556
205062,Wądroże Wielkie,16.36915,51.10132
226062,Złotoryja,15.96537,51.14090
221021,Jedlina-Zdrój,16.33729,50.72144
1418052,Prażmów,21.00896,51.96220
1421021,Pruszków,20.80053,52.17282
1215063,Maków Podhalański,19.68988,49.71005
1438023,Mszczonów,20.55086,51.93214
1401052,Stromiec,21.12607,51.64861
2414052,Chełm Śląski,19.19856,50.10502
3010103,Sompolno,18.51844,52.35391
416042,Lubiewo,17.98778,53.46569
405052,Radomin,19.16976,53.09266
2011052,Kuźnica,23.61124,53.50267
2404052,Kłomnice,19.38321,50.90104
2212072,Potęgowo,17.45981,54.46298
1427011,Sierpc,19.66708,52.85365
1217032,Bukowina Tatrzańska,20.09872,49.31981
1805042,Jasło,21.48277,49.73897
2005032,Czeremcha,23.34718,52.50438
413032,Sośno,17.65791,53.36566
206072,Mysłakowice,15.83189,50.84675
3203033,Kalisz Pomorski,15.82746,53.32953
3017063,Raszków,17.72325,51.73672
1809042,Lubaczów,23.20490,50.13882
1001032,Drużbice,19.39295,51.46587
1009072,Strzelce Wielkie,19.17474,51.13615
225011,Zawidów,15.04585,51.02469
412042,Rypin,19.44133,53.06127
414022,Dragacz,18.67203,53.49590
1014113,Złoczew,18.61325,51.40956
1017032,Konopnica,18.81599,51.35771
1017062,Ostrówek,18.63267,51.33333
2417152,Węgierska Górka,19.15504,49.58022
1207102,Niedźwiedź,20.09887,49.59378
1208012,Charsznica,19.92069,50.41330
1428082,Teresin,20.39304,52.19090
1415112,Troszyn,21.78446,53.03854
1417011,Józefów,21.21688,52.13311
410042,Sadki,17.42973,53.16334
618032,Jarczów,23.60497,50.44071
1002102,Strzelce,19.40706,52.31085
3025012,Dominowo,17.37825,52.29332
3009052,Grzegorzew,18.76521,52.21595
2008013,Goniądz,22.75468,53.53236
2008072,Trzcianne,22.59888,53.30968
2009011,Sejny,23.34588,54.10915
2010082,Perlejewo,22.56150,52.56874
2012072,Suwałki,22.95640,54.08882
2062011,Łomża,22.05845,53.17435
2212053,Kępice,16.88363,54.21083
3013043,Rydzyna,16.67304,51.78483
3205043,Płoty,15.28824,53.82872
3003072,Mieleszyn,17.53712,52.66813
1426053,Mordy,22.50824,52.19531
1216053,Radłów,20.82073,50.10685
1420102,Raciąż,20.12652,52.78678
1420122,Załuski,20.51062,52.51460
2208011,Lębork,17.74957,54.53534
2012052,Raczki,22.78689,53.99457
2013011,Wysokie Mazowieckie,22.50997,52.92552
2013042,Klukowo,22.54050,52.75833
2411033,Krzanowice,18.13914,50.02800
2411062,Nędza,18.31550,50.15623
1203043,Libiąż,19.32268,50.09064
1205062,Łużna,21.05001,49.69777
1205072,Moszczenica,21.08234,49.73569
1603042,Pawłowiczki,18.00516,50.25360
3015053,Opalenica,16.40674,52.31174
603092,Ruda-Huta,23.61435,51.23046
604042,Hrubieszów,23.90373,50.81526
604062,Trzeszczany,23.72736,50.82259
606102,Siennica Różana,23.34446,51.00926
802052,Gubin,14.79081,51.93126
806043,Strzelce Krajeńskie,15.49951,52.91372
1421062,Raszyn,20.91368,52.12825
1016092,Tomaszów Mazowiecki,20.01209,51.49710
3021093,Kórnik,17.06270,52.25203
3006023,Jarocin,17.50462,51.96691
1404011,Gostynin,19.46787,52.42072
2610032,Łączna,20.78336,50.99108
1412103,Latowicz,21.77887,52.02683
2610011,Skarżysko-Kamienna,20.85846,51.11996
1212073,Wolbrom,19.75170,50.38960
1209013,Dobczyce,20.08642,49.87665
3006013,Jaraczewo,17.34031,51.95512
2204032,Kolbudy,18.48523,54.27352
2210032,Ostaszewo,18.94430,54.20332
2204082,Trąbki Wielkie,18.50603,54.16423
2612043,Osiek,21.40536,50.50772
1209033,Myślenice,19.93935,49.84729
2605083,Stąporków,20.57928,51.14491
2205072,Sulęczyno,17.79686,54.24409
2211052,Kosakowo,18.51211,54.61329
2214062,Tczew,18.68935,54.08647
2201072,Parchowo,17.67963,54.20666
2407032,Ciasna,18.62150,50.78128
2401011,Będzin,19.12090,50.33853
1405021,Podkowa Leśna,20.74735,52.11298
1815012,Iwierzyce,21.75051,50.01592
2817043,Pasym,20.80729,53.64543
1809023,Cieszanów,23.14219,50.25943
1817073,Zagórz,22.21893,49.43848
2001032,Bargłów Kościelny,22.81320,53.74797
416052,Śliwice,18.13539,53.70018
202021,Dzierżoniów,16.64930,50.73120
2601043,Pacanów,21.03785,50.37217
2808043,Korsze,21.15383,54.16840
2811043,Nidzica,20.47528,53.42025
1206113,Skawina,19.77798,49.94844
3029033,Wolsztyn,16.11255,52.06870
1416062,Nur,22.33643,52.68102
1803042,Dębica,21.46441,50.05494
2003082,Wyszki,22.97646,52.84832
3001011,Chodzież,16.91616,52.98936
3001053,Szamocin,17.15290,53.04736
3020063,Pleszew,17.80323,51.88079
3213052,Postomino,16.66461,54.49082
603122,Wierzbica,23.30295,51.27184
611042,Krzywda,22.12516,51.79195
601011,Międzyrzec Podlaski,22.78328,51.98078
2203011,Człuchów,17.36252,53.66580
620012,Adamów,23.18554,50.59948
1210163,Stary Sącz,20.61976,49.52510
1213082,Przeciszów,19.37178,49.99642
803023,Międzyrzecz,15.57183,52.42976
805013,Cybinka,14.79037,52.20003
419013,Barcin,17.97061,52.86331
3021113,Murowana Goślina,17.03909,52.59611
1218052,Mucharz,19.52522,49.81409
1219053,Wieliczka,20.06403,49.97277
1020052,Głowno,19.66362,51.99196
2264011,Sopot,18.56272,54.44363
2413062,Ożarowice,19.05604,50.47418
2601063,Stopnica,20.92530,50.45931
2802042,Lelkowo,20.19631,54.34683
1813052,Krzywcza,22.52750,49.80034
2405073,Toszek,18.50879,50.44712
2013072,Nowe Piekuty,22.69235,52.86746
2201023,Bytów,17.48880,54.16424
3002032,Drawsko,16.02336,52.80334
209082,Ruja,16.39781,51.17185
210011,Lubań,15.28171,51.11470
402102,Zbiczno,19.38908,53.34867
226032,Pielgrzymka,15.78700,51.11238
226043,Świerzawa,15.87235,51.01593
1433082,Stoczek,21.90478,52.54461
1417052,Kołbiel,21.49062,52.06106
2007043,Nowogród,21.89400,53.21611
408053,Kikół,19.11410,52.92650
2012082,Szypliszki,23.06314,54.22924
2412032,Jejkowice,18.47188,50.10498
1009082,Sulmierzyce,19.18707,51.19564
1015013,Bolimów,20.17709,52.08074
1008032,Dłutów,19.37471,51.56379
1210092,Łącko,20.45639,49.54319
2417122,Ślemień,19.38923,49.73436
3021132,Rokietnica,16.73864,52.51078
3025022,Krzykosy,17.35278,52.13205
3027042,Kawęczyn,18.51313,51.89619
3008033,Kępno,18.01581,51.32358
3012043,Krotoszyn,17.51040,51.72078
3202033,Drawno,15.80446,53.19318
3203063,Złocieniec,16.02543,53.56065
607083,Urzędów,22.13637,51.01115
607092,Wilkołaz,22.31677,50.99899
608103,Ostrów Lubelski,22.83455,51.46241
806013,Dobiegniew,15.83130,52.99634
610052,Puchaczów,23.00878,51.29747
2808022,Barciany,21.31777,54.23986
3031062,Tarnówka,16.85223,53.32919
1412011,Mińsk Mazowiecki,21.56024,52.17768
1204052,Olesno,20.91940,50.21064
1403143,Żelechów,21.85513,51.80423
2806102,Wydminy,22.04732,53.96689
1434082,Poświętne,21.41088,52.33350
210042,Lubań,15.31448,51.13998
225043,Pieńsk,15.08779,51.24965
1020021,Ozorków,19.29112,51.95775
2215031,Wejherowo,18.24640,54.60290
2401031,Wojkowice,19.03610,50.36559
2401042,Bobrowniki,19.02864,50.40934
2403031,Wisła,18.90685,49.63294
2606082,Wojciechowice,21.58365,50.82604
1608043,Praszka,18.49385,51.07066
1433072,Sadowne,21.85889,52.63850
1417072,Sobienie-Jeziory,21.32195,51.93386
1802013,Brzozów,22.03345,49.68923
2005052,Dubicze Cerkiewne,23.47693,52.63788
405043,Kowalewo Pomorskie,18.87328,53.14808
810082,Wymiarki,15.07468,51.52019
1014042,Brzeźnio,18.62210,51.49627
1209082,Tokarnia,19.86168,49.73994
1211142,Szaflary,19.99126,49.41644
2201042,Kołczygłowy,17.24646,54.22234
2203052,Koczała,17.10838,53.91439
2404092,Lelów,19.64633,50.69803
2213021,Skórcz,18.51869,53.79443
2815092,Ostróda,19.95506,53.64161
3015023,Lwówek,16.17386,52.44801
3020013,Chocz,17.89413,51.98696
402022,Bobrowo,19.23335,53.27733
608011,Lubartów,22.60901,51.46048
226021,Złotoryja,15.91982,51.12343
401062,Koneck,18.72286,52.79008
805022,Górzyca,14.69984,52.50139
806023,Drezdenko,15.80943,52.80322
418123,Lubraniec,18.82394,52.52475
418132,Włocławek,19.17149,52.59714
1426112,Wiśniew,22.28928,52.06381
1422023,Chorzele,20.92386,53.27090
214053,Międzybórz,17.64072,51.38257
223043,Kąty Wrocławskie,16.81785,51.03839
614011,Puławy,21.97629,51.42551
1002082,Nowe Ostrowy,19.20082,52.30530
1004043,Grabów,19.00526,52.14405
1005092,Nieborów,20.06025,52.07919
808032,Skąpe,15.42367,52.16126
809063,Sulechów,15.59646,52.09260
3031023,Jastrowie,16.65753,53.40367
1203053,Trzebinia,19.48324,50.17216
1438053,Wiskitki,20.34628,52.08068
2004062,Wąsosz,22.34383,53.49732
1014011,Sieradz,18.74113,51.59768
1209092,Wiśniowa,20.09382,49.77984
1210142,Podegrodzie,20.57072,49.59263
1211062,Krościenko nad Dunajcem,20.39082,49.44856
1429062,Repki,22.43177,52.37922
613032,Milanów,22.91554,51.72256
614022,Baranów,22.16994,51.54099
618042,Krynice,23.40595,50.57712
620102,Skierbieszów,23.36379,50.84920
811033,Brody,14.78103,51.76856
1002092,Oporów,19.52315,52.26519
1016022,Będków,19.77432,51.58359
1008011,Konstantynów Łódzki,19.31415,51.75543
1207042,Jodłownik,20.23558,49.78468
3216052,Sławoborze,15.68089,53.89427
1609032,Dobrzeń Wielki,17.84980,50.78874
1436012,Kazanów,21.42707,51.26845
804023,Bytom Odrzański,15.80805,51.71603
602102,Obsza,22.98405,50.33149
603011,Rejowiec Fabryczny,23.24500,51.11936
1203033,Chrzanów,19.39624,50.13611
1215092,Zembrzyce,19.56302,49.78070
1425011,Pionki,21.44942,51.47411
1216143,Zakliczyn,20.79025,49.83714
2002133,Wasilków,23.18879,53.22577
2203043,Debrzno,17.20378,53.56199
2410042,Pawłowice,18.69663,49.94943
2012042,Przerośl,22.71252,54.23960
2213013,Czarna Woda,18.14639,53.84660
3019022,Białośliwie,17.14401,53.11610
2810052,Sorkwity,21.15339,53.84354
1219032,Kłaj,20.30070,50.00778
2801052,Górowo Iławeckie,20.47223,54.30211
1429022,Bielany,22.24017,52.33600
1432022,Izabelin,20.78608,52.31295
1416082,Stary Lubotyń,21.93305,52.91686
409022,Jeziora Wielkie,18.24550,52.53610
208063,Bystrzyca Kłodzka,16.63306,50.29044
1208032,Kozłów,20.01206,50.47471
1209052,Raciechowice,20.17188,49.84003
1201092,Żegocina,20.43001,49.81015
1206123,Słomniki,20.08750,50.24949
2201092,Trzebielino,17.07792,54.20067
2206052,Liniewo,18.25521,54.07460
404022,Chełmno,18.47923,53.36152
618072,Rachanie,23.55693,50.54418
3063011,Leszno,16.57762,51.84293
2814082,Kolno,20.98943,53.98883
2815011,Ostróda,19.96528,53.70381
2602023,Jędrzejów,20.30751,50.64765
2603022,Czarnocin,20.53435,50.33332
2416073,Pilica,19.69108,50.48664
2604073,Łagów,21.07586,50.77230
3004033,Krobia,16.99072,51.76350
620112,Stary Zamość,23.21598,50.82141
812013,Sława,16.04458,51.86737
1010032,Gorzkowice,19.61839,51.20731
1433042,Liw,22.00662,52.38825
2801032,Bartoszyce,20.79816,54.24467
1014023,Błaszki,18.44817,51.63768
1015042,Kowiesy,20.41704,51.89654
1210122,Nawojowa,20.74823,49.53541
1210152,Rytro,20.65122,49.47699
1213011,Oświęcim,19.25428,50.03529
1213072,Polanka Wielka,19.30764,49.98062
1402022,Ciechanów,20.54129,52.86394
1402062,Ojrzeń,20.52664,52.76746
1426032,Kotuń,22.02320,52.16994
1202062,Iwkowa,20.57618,49.80572
212053,Wleń,15.67107,51.01577
201062,Warta Bolesławiecka,15.70165,51.23682
223073,Sobótka,16.76217,50.90631
220042,Wisznia Mała,17.02808,51.23149
213022,Krośnice,17.37767,51.44834
2405032,Gierałtowice,18.75051,50.22825
2466011,Gliwice,18.65359,50.29923
2401073,Siewierz,19.21176,50.47666
2405042,Pilchowice,18.57049,50.21377
2415072,Lubomia,18.30700,50.02827
215033,Jelcz-Laskowice,17.40193,51.03212
2472011,Ruda Śląska,18.86910,50.26630
2415082,Marklowice,18.52422,50.01992
1803011,Dębica,21.42062,50.04342
219072,Świdnica,16.47462,50.80915
3022023,Jutrosin,17.15819,51.63515
1816132,Trzebownisko,22.06470,50.11393
1816092,Krasne,22.11080,50.05152
1603011,Kędzierzyn-Koźle,18.24118,50.35139
2470011,Mysłowice,19.14624,50.19804
1816113,Sokołów Małopolski,22.13092,50.23260
809053,Nowogród Bobrzański,15.27868,51.81274
3029022,Siedlec,15.97443,52.15126
418113,Lubień Kujawski,19.17311,52.41111
2002032,Dobrzyniewo Duże,23.01484,53.23258
601162,Terespol,23.55398,52.07002
3207052,Świerzno,14.95498,53.96431
3211022,Kołbaskowo,14.45753,53.35927
1016053,Inowłódz,20.19852,51.53364
2605043,Radoszyce,20.27340,51.05872
1007032,Mniszków,19.99207,51.38875
217053,Wiązów,17.22567,50.79722
209022,Chojnów,15.90259,51.29056
216022,Gaworzyce,15.88568,51.62215
1418043,Piaseczno,20.99750,52.03810
1421011,Piastów,20.84495,52.18533
1418063,Tarczyn,20.82835,51.97354
2601083,Wiślica,20.68433,50.36899
2416011,Poręba,19.33229,50.48699
2416083,Szczekociny,19.79916,50.63937
1810022,Białobrzegi,22.34789,50.11122
2406082,Przystajń,18.69058,50.85357
2009022,Giby,23.32876,53.99209
1403092,Parysów,21.66047,51.98294
1425072,Kowala,21.09684,51.32459
2612053,Połaniec,21.26941,50.43608
1821033,Lesko,22.34119,49.46555
405022,Ciechocin,18.94546,53.05082
2012012,Bakałarzewo,22.70061,54.08908
2063011,Suwałki,22.93171,54.09994
2213082,Osiek,18.44071,53.72324
1426132,Zbuczyn,22.49347,52.08450
1805022,Brzyska,21.37659,49.82211
1806042,Niwiska,21.63487,50.24207
1807072,Miejsce Piastowe,21.77869,49.63336
1436042,Tczów,21.45848,51.33069
409043,Strzelno,18.17511,52.62773
414093,Świecie,18.42996,53.41185
613043,Parczew,22.89511,51.61414
3206023,Cedynia,14.22081,52.89144
1807102,Jaśliska,21.84903,49.42393
1605023,Krapkowice,17.94156,50.46475
1003042,Widawa,18.94937,51.41446
1014032,Brąszewice,18.45613,51.50376
3213021,Sławno,16.66973,54.36443
3208042,Kołobrzeg,15.49917,54.12818
208112,Nowa Ruda,16.52047,50.59703
402011,Brodnica,19.40057,53.25507
608053,Kamionka,22.44812,51.45251
1863011,Rzeszów,21.99427,50.02328
215022,Domaniów,17.14783,50.90694
219032,Dobromierz,16.23221,50.93879
414063,Nowe,18.68981,53.64178
1420052,Dzierzążnia,20.22113,52.60425
1420113,Sochocin,20.48224,52.68264
2417082,Łodygowice,19.15183,49.72355
2417112,Rajcza,19.04017,49.47362
2605062,Słupia Konecka,20.12568,51.02166
2607062,Waśniów,21.20893,50.87712
2808032,Kętrzyn,21.41291,54.05431
2810032,Mrągowo,21.32933,53.88918
3031011,Złotów,17.04070,53.36051
2814033,Dobre Miasto,20.42363,53.98739
2815022,Dąbrówno,20.03992,53.45281
1415052,Kadzidło,21.43616,53.24931
408092,Wielgie,19.26341,52.75101
3007012,Blizanów,18.02215,51.90164
3218032,Radowo Małe,15.41194,53.66032
2803022,Działdowo,20.14256,53.28667
3008022,Bralin,17.88802,51.27926
2212042,Główczyce,17.40761,54.60865
1428011,Sochaczew,20.25063,52.23533
2204062,Pszczółki,18.67541,54.17877
2014022,Kołaki Kościelne,22.36049,53.02361
2404032,Janów,19.44979,50.72497
2413052,Krupski Młyn,18.64947,50.57095
1206012,Czernichów,19.65926,50.01533
1218082,Tomice,19.50381,49.92365
2201052,Lipnica,17.36759,53.99026
2201102,Tuchomie,17.29995,54.10062
1809072,Stary Dzików,22.91746,50.24387
1606042,Świerczów,17.76456,50.96633
2411072,Pietrowice Wielkie,18.09938,50.09913
3017033,Odolanów,17.66255,51.57520
804063,Nowe Miasteczko,15.70922,51.68686
610033,Łęczna,22.86534,51.30464
418022,Baruchowo,19.28832,52.50299
601072,Konstantynów,23.10460,52.20806
611072,Stanin,22.19256,51.88246
3024032,Kaźmierz,16.54619,52.50266
3024042,Obrzycko,16.52477,52.69553
1410062,Stara Kornica,22.93098,52.19193
1818022,Bojanów,21.97534,50.44787
1005053,Kiernozia,19.86879,52.26242
